id|folder|signer|sentence|zh_sentence|zh_gloss
Alex_He_has_a_job_001|Alex_He_has_a_job_001/1/*.png|Alex|He has a job|他有工作|他 工作 有
Alex_He_has_a_job_002|Alex_He_has_a_job_002/1/*.png|Alex|He has a job|他有工作|他 工作 有
Alex_He_has_a_job_003|Alex_He_has_a_job_003/1/*.png|Alex|He has a job|他有工作|他 工作 有
Alex_He_has_a_job_004|Alex_He_has_a_job_004/1/*.png|Alex|He has a job|他有工作|他 工作 有
Alex_He_has_a_job_005|Alex_He_has_a_job_005/1/*.png|Alex|He has a job|他有工作|他 工作 有
Alex_He_has_a_job_006|Alex_He_has_a_job_006/1/*.png|Alex|He has a job|他有工作|他 工作 有
Alex_He_has_a_job_007|Alex_He_has_a_job_007/1/*.png|Alex|He has a job|他有工作|他 工作 有
Alex_He_has_a_job_008|Alex_He_has_a_job_008/1/*.png|Alex|He has a job|他有工作|他 工作 有
Alex_He_has_a_job_009|Alex_He_has_a_job_009/1/*.png|Alex|He has a job|他有工作|他 工作 有
Alex_He_has_a_job_010|Alex_He_has_a_job_010/1/*.png|Alex|He has a job|他有工作|他 工作 有
Alex_He_has_a_job_011|Alex_He_has_a_job_011/1/*.png|Alex|He has a job|他有工作|他 工作 有
Alex_He_has_a_job_012|Alex_He_has_a_job_012/1/*.png|Alex|He has a job|他有工作|他 工作 有
Alex_He_has_a_job_013|Alex_He_has_a_job_013/1/*.png|Alex|He has a job|他有工作|他 工作 有
Alex_He_has_a_job_014|Alex_He_has_a_job_014/1/*.png|Alex|He has a job|他有工作|他 工作 有
Alex_He_has_a_job_015|Alex_He_has_a_job_015/1/*.png|Alex|He has a job|他有工作|他 工作 有
Alex_He_has_a_job_017|Alex_He_has_a_job_017/1/*.png|Alex|He has a job|他有工作|他 工作 有
Alex_He_has_a_job_018|Alex_He_has_a_job_018/1/*.png|Alex|He has a job|他有工作|他 工作 有
Alex_He_has_a_job_019|Alex_He_has_a_job_019/1/*.png|Alex|He has a job|他有工作|他 工作 有
Alex_He_has_a_job_020|Alex_He_has_a_job_020/1/*.png|Alex|He has a job|他有工作|他 工作 有
Alex_He_has_a_job_021|Alex_He_has_a_job_021/1/*.png|Alex|He has a job|他有工作|他 工作 有
Alex_He_has_a_job_022|Alex_He_has_a_job_022/1/*.png|Alex|He has a job|他有工作|他 工作 有
Alex_He_has_a_job_023|Alex_He_has_a_job_023/1/*.png|Alex|He has a job|他有工作|他 工作 有
Alex_He_has_a_job_024|Alex_He_has_a_job_024/1/*.png|Alex|He has a job|他有工作|他 工作 有
Alex_He_has_a_job_025|Alex_He_has_a_job_025/1/*.png|Alex|He has a job|他有工作|他 工作 有
Alex_He_has_a_job_026|Alex_He_has_a_job_026/1/*.png|Alex|He has a job|他有工作|他 工作 有
Alex_He_has_a_job_027|Alex_He_has_a_job_027/1/*.png|Alex|He has a job|他有工作|他 工作 有
Alex_He_has_a_job_028|Alex_He_has_a_job_028/1/*.png|Alex|He has a job|他有工作|他 工作 有
Alex_He_has_a_job_029|Alex_He_has_a_job_029/1/*.png|Alex|He has a job|他有工作|他 工作 有
Alex_He_has_a_job_030|Alex_He_has_a_job_030/1/*.png|Alex|He has a job|他有工作|他 工作 有
Alex_He_has_a_job_031|Alex_He_has_a_job_031/1/*.png|Alex|He has a job|他有工作|他 工作 有
Alex_He_has_a_job_032|Alex_He_has_a_job_032/1/*.png|Alex|He has a job|他有工作|他 工作 有
Alex_He_has_a_job_033|Alex_He_has_a_job_033/1/*.png|Alex|He has a job|他有工作|他 工作 有
Alex_He_has_a_job_034|Alex_He_has_a_job_034/1/*.png|Alex|He has a job|他有工作|他 工作 有
Alex_He_has_a_job_035|Alex_He_has_a_job_035/1/*.png|Alex|He has a job|他有工作|他 工作 有
Alex_He_has_a_job_036|Alex_He_has_a_job_036/1/*.png|Alex|He has a job|他有工作|他 工作 有
Auther_He_has_a_job_001|Auther_He_has_a_job_001/1/*.png|Auther|He has a job|他有工作|他 工作 有
Auther_He_has_a_job_002|Auther_He_has_a_job_002/1/*.png|Auther|He has a job|他有工作|他 工作 有
Auther_He_has_a_job_003|Auther_He_has_a_job_003/1/*.png|Auther|He has a job|他有工作|他 工作 有
Auther_He_has_a_job_004|Auther_He_has_a_job_004/1/*.png|Auther|He has a job|他有工作|他 工作 有
Auther_He_has_a_job_005|Auther_He_has_a_job_005/1/*.png|Auther|He has a job|他有工作|他 工作 有
Auther_He_has_a_job_006|Auther_He_has_a_job_006/1/*.png|Auther|He has a job|他有工作|他 工作 有
Auther_He_has_a_job_007|Auther_He_has_a_job_007/1/*.png|Auther|He has a job|他有工作|他 工作 有
Auther_He_has_a_job_008|Auther_He_has_a_job_008/1/*.png|Auther|He has a job|他有工作|他 工作 有
Auther_He_has_a_job_009|Auther_He_has_a_job_009/1/*.png|Auther|He has a job|他有工作|他 工作 有
Auther_He_has_a_job_010|Auther_He_has_a_job_010/1/*.png|Auther|He has a job|他有工作|他 工作 有
Auther_He_has_a_job_011|Auther_He_has_a_job_011/1/*.png|Auther|He has a job|他有工作|他 工作 有
Auther_He_has_a_job_012|Auther_He_has_a_job_012/1/*.png|Auther|He has a job|他有工作|他 工作 有
Auther_He_has_a_job_013|Auther_He_has_a_job_013/1/*.png|Auther|He has a job|他有工作|他 工作 有
Auther_He_has_a_job_014|Auther_He_has_a_job_014/1/*.png|Auther|He has a job|他有工作|他 工作 有
Auther_He_has_a_job_015|Auther_He_has_a_job_015/1/*.png|Auther|He has a job|他有工作|他 工作 有
Auther_He_has_a_job_016|Auther_He_has_a_job_016/1/*.png|Auther|He has a job|他有工作|他 工作 有
Auther_He_has_a_job_017|Auther_He_has_a_job_017/1/*.png|Auther|He has a job|他有工作|他 工作 有
Auther_He_has_a_job_018|Auther_He_has_a_job_018/1/*.png|Auther|He has a job|他有工作|他 工作 有
Auther_He_has_a_job_019|Auther_He_has_a_job_019/1/*.png|Auther|He has a job|他有工作|他 工作 有
Auther_He_has_a_job_020|Auther_He_has_a_job_020/1/*.png|Auther|He has a job|他有工作|他 工作 有
Auther_He_has_a_job_021|Auther_He_has_a_job_021/1/*.png|Auther|He has a job|他有工作|他 工作 有
Auther_He_has_a_job_022|Auther_He_has_a_job_022/1/*.png|Auther|He has a job|他有工作|他 工作 有
Auther_He_has_a_job_023|Auther_He_has_a_job_023/1/*.png|Auther|He has a job|他有工作|他 工作 有
Auther_He_has_a_job_024|Auther_He_has_a_job_024/1/*.png|Auther|He has a job|他有工作|他 工作 有
Auther_He_has_a_job_025|Auther_He_has_a_job_025/1/*.png|Auther|He has a job|他有工作|他 工作 有
Auther_He_has_a_job_026|Auther_He_has_a_job_026/1/*.png|Auther|He has a job|他有工作|他 工作 有
Auther_He_has_a_job_027|Auther_He_has_a_job_027/1/*.png|Auther|He has a job|他有工作|他 工作 有
Auther_He_has_a_job_028|Auther_He_has_a_job_028/1/*.png|Auther|He has a job|他有工作|他 工作 有
Auther_He_has_a_job_029|Auther_He_has_a_job_029/1/*.png|Auther|He has a job|他有工作|他 工作 有
Auther_He_has_a_job_030|Auther_He_has_a_job_030/1/*.png|Auther|He has a job|他有工作|他 工作 有
Auther_He_has_a_job_031|Auther_He_has_a_job_031/1/*.png|Auther|He has a job|他有工作|他 工作 有
Auther_He_has_a_job_032|Auther_He_has_a_job_032/1/*.png|Auther|He has a job|他有工作|他 工作 有
Auther_He_has_a_job_033|Auther_He_has_a_job_033/1/*.png|Auther|He has a job|他有工作|他 工作 有
Auther_He_has_a_job_034|Auther_He_has_a_job_034/1/*.png|Auther|He has a job|他有工作|他 工作 有
Auther_He_has_a_job_035|Auther_He_has_a_job_035/1/*.png|Auther|He has a job|他有工作|他 工作 有
David_He_has_a_job_001|David_He_has_a_job_001/1/*.png|David|He has a job|他有工作|他 工作 有
David_He_has_a_job_002|David_He_has_a_job_002/1/*.png|David|He has a job|他有工作|他 工作 有
David_He_has_a_job_003|David_He_has_a_job_003/1/*.png|David|He has a job|他有工作|他 工作 有
David_He_has_a_job_004|David_He_has_a_job_004/1/*.png|David|He has a job|他有工作|他 工作 有
David_He_has_a_job_005|David_He_has_a_job_005/1/*.png|David|He has a job|他有工作|他 工作 有
David_He_has_a_job_006|David_He_has_a_job_006/1/*.png|David|He has a job|他有工作|他 工作 有
David_He_has_a_job_007|David_He_has_a_job_007/1/*.png|David|He has a job|他有工作|他 工作 有
David_He_has_a_job_008|David_He_has_a_job_008/1/*.png|David|He has a job|他有工作|他 工作 有
David_He_has_a_job_009|David_He_has_a_job_009/1/*.png|David|He has a job|他有工作|他 工作 有
David_He_has_a_job_010|David_He_has_a_job_010/1/*.png|David|He has a job|他有工作|他 工作 有
David_He_has_a_job_011|David_He_has_a_job_011/1/*.png|David|He has a job|他有工作|他 工作 有
David_He_has_a_job_012|David_He_has_a_job_012/1/*.png|David|He has a job|他有工作|他 工作 有
David_He_has_a_job_013|David_He_has_a_job_013/1/*.png|David|He has a job|他有工作|他 工作 有
David_He_has_a_job_014|David_He_has_a_job_014/1/*.png|David|He has a job|他有工作|他 工作 有
David_He_has_a_job_015|David_He_has_a_job_015/1/*.png|David|He has a job|他有工作|他 工作 有
David_He_has_a_job_016|David_He_has_a_job_016/1/*.png|David|He has a job|他有工作|他 工作 有
David_He_has_a_job_017|David_He_has_a_job_017/1/*.png|David|He has a job|他有工作|他 工作 有
David_He_has_a_job_018|David_He_has_a_job_018/1/*.png|David|He has a job|他有工作|他 工作 有
David_He_has_a_job_019|David_He_has_a_job_019/1/*.png|David|He has a job|他有工作|他 工作 有
David_He_has_a_job_020|David_He_has_a_job_020/1/*.png|David|He has a job|他有工作|他 工作 有
David_He_has_a_job_021|David_He_has_a_job_021/1/*.png|David|He has a job|他有工作|他 工作 有
David_He_has_a_job_022|David_He_has_a_job_022/1/*.png|David|He has a job|他有工作|他 工作 有
David_He_has_a_job_023|David_He_has_a_job_023/1/*.png|David|He has a job|他有工作|他 工作 有
David_He_has_a_job_024|David_He_has_a_job_024/1/*.png|David|He has a job|他有工作|他 工作 有
David_He_has_a_job_025|David_He_has_a_job_025/1/*.png|David|He has a job|他有工作|他 工作 有
David_He_has_a_job_026|David_He_has_a_job_026/1/*.png|David|He has a job|他有工作|他 工作 有
David_He_has_a_job_027|David_He_has_a_job_027/1/*.png|David|He has a job|他有工作|他 工作 有
David_He_has_a_job_028|David_He_has_a_job_028/1/*.png|David|He has a job|他有工作|他 工作 有
David_He_has_a_job_029|David_He_has_a_job_029/1/*.png|David|He has a job|他有工作|他 工作 有
David_He_has_a_job_030|David_He_has_a_job_030/1/*.png|David|He has a job|他有工作|他 工作 有
David_He_has_a_job_031|David_He_has_a_job_031/1/*.png|David|He has a job|他有工作|他 工作 有
David_He_has_a_job_032|David_He_has_a_job_032/1/*.png|David|He has a job|他有工作|他 工作 有
David_He_has_a_job_033|David_He_has_a_job_033/1/*.png|David|He has a job|他有工作|他 工作 有
David_He_has_a_job_034|David_He_has_a_job_034/1/*.png|David|He has a job|他有工作|他 工作 有
David_He_has_a_job_035|David_He_has_a_job_035/1/*.png|David|He has a job|他有工作|他 工作 有
Jerry_He_has_a_job_001|Jerry_He_has_a_job_001/1/*.png|Jerry|He has a job|他有工作|他 工作 有
Jerry_He_has_a_job_002|Jerry_He_has_a_job_002/1/*.png|Jerry|He has a job|他有工作|他 工作 有
Jerry_He_has_a_job_003|Jerry_He_has_a_job_003/1/*.png|Jerry|He has a job|他有工作|他 工作 有
Jerry_He_has_a_job_004|Jerry_He_has_a_job_004/1/*.png|Jerry|He has a job|他有工作|他 工作 有
Jerry_He_has_a_job_005|Jerry_He_has_a_job_005/1/*.png|Jerry|He has a job|他有工作|他 工作 有
Jerry_He_has_a_job_006|Jerry_He_has_a_job_006/1/*.png|Jerry|He has a job|他有工作|他 工作 有
Jerry_He_has_a_job_007|Jerry_He_has_a_job_007/1/*.png|Jerry|He has a job|他有工作|他 工作 有
Jerry_He_has_a_job_008|Jerry_He_has_a_job_008/1/*.png|Jerry|He has a job|他有工作|他 工作 有
Jerry_He_has_a_job_009|Jerry_He_has_a_job_009/1/*.png|Jerry|He has a job|他有工作|他 工作 有
Jerry_He_has_a_job_010|Jerry_He_has_a_job_010/1/*.png|Jerry|He has a job|他有工作|他 工作 有
Jerry_He_has_a_job_011|Jerry_He_has_a_job_011/1/*.png|Jerry|He has a job|他有工作|他 工作 有
Jerry_He_has_a_job_012|Jerry_He_has_a_job_012/1/*.png|Jerry|He has a job|他有工作|他 工作 有
Jerry_He_has_a_job_013|Jerry_He_has_a_job_013/1/*.png|Jerry|He has a job|他有工作|他 工作 有
Jerry_He_has_a_job_014|Jerry_He_has_a_job_014/1/*.png|Jerry|He has a job|他有工作|他 工作 有
Jerry_He_has_a_job_015|Jerry_He_has_a_job_015/1/*.png|Jerry|He has a job|他有工作|他 工作 有
Jerry_He_has_a_job_016|Jerry_He_has_a_job_016/1/*.png|Jerry|He has a job|他有工作|他 工作 有
Jerry_He_has_a_job_017|Jerry_He_has_a_job_017/1/*.png|Jerry|He has a job|他有工作|他 工作 有
Jerry_He_has_a_job_018|Jerry_He_has_a_job_018/1/*.png|Jerry|He has a job|他有工作|他 工作 有
Jerry_He_has_a_job_019|Jerry_He_has_a_job_019/1/*.png|Jerry|He has a job|他有工作|他 工作 有
Jerry_He_has_a_job_020|Jerry_He_has_a_job_020/1/*.png|Jerry|He has a job|他有工作|他 工作 有
Jerry_He_has_a_job_021|Jerry_He_has_a_job_021/1/*.png|Jerry|He has a job|他有工作|他 工作 有
Jerry_He_has_a_job_022|Jerry_He_has_a_job_022/1/*.png|Jerry|He has a job|他有工作|他 工作 有
Jerry_He_has_a_job_023|Jerry_He_has_a_job_023/1/*.png|Jerry|He has a job|他有工作|他 工作 有
Jerry_He_has_a_job_024|Jerry_He_has_a_job_024/1/*.png|Jerry|He has a job|他有工作|他 工作 有
Jerry_He_has_a_job_025|Jerry_He_has_a_job_025/1/*.png|Jerry|He has a job|他有工作|他 工作 有
Jerry_He_has_a_job_026|Jerry_He_has_a_job_026/1/*.png|Jerry|He has a job|他有工作|他 工作 有
Jerry_He_has_a_job_027|Jerry_He_has_a_job_027/1/*.png|Jerry|He has a job|他有工作|他 工作 有
Jerry_He_has_a_job_028|Jerry_He_has_a_job_028/1/*.png|Jerry|He has a job|他有工作|他 工作 有
Jerry_He_has_a_job_029|Jerry_He_has_a_job_029/1/*.png|Jerry|He has a job|他有工作|他 工作 有
Jerry_He_has_a_job_030|Jerry_He_has_a_job_030/1/*.png|Jerry|He has a job|他有工作|他 工作 有
Jerry_He_has_a_job_031|Jerry_He_has_a_job_031/1/*.png|Jerry|He has a job|他有工作|他 工作 有
Jerry_He_has_a_job_032|Jerry_He_has_a_job_032/1/*.png|Jerry|He has a job|他有工作|他 工作 有
Jerry_He_has_a_job_033|Jerry_He_has_a_job_033/1/*.png|Jerry|He has a job|他有工作|他 工作 有
Jerry_He_has_a_job_034|Jerry_He_has_a_job_034/1/*.png|Jerry|He has a job|他有工作|他 工作 有
Jerry_He_has_a_job_035|Jerry_He_has_a_job_035/1/*.png|Jerry|He has a job|他有工作|他 工作 有
Leo_He_has_a_job_001|Leo_He_has_a_job_001/1/*.png|Leo|He has a job|他有工作|他 工作 有
Leo_He_has_a_job_002|Leo_He_has_a_job_002/1/*.png|Leo|He has a job|他有工作|他 工作 有
Leo_He_has_a_job_003|Leo_He_has_a_job_003/1/*.png|Leo|He has a job|他有工作|他 工作 有
Leo_He_has_a_job_004|Leo_He_has_a_job_004/1/*.png|Leo|He has a job|他有工作|他 工作 有
Leo_He_has_a_job_005|Leo_He_has_a_job_005/1/*.png|Leo|He has a job|他有工作|他 工作 有
Leo_He_has_a_job_006|Leo_He_has_a_job_006/1/*.png|Leo|He has a job|他有工作|他 工作 有
Leo_He_has_a_job_007|Leo_He_has_a_job_007/1/*.png|Leo|He has a job|他有工作|他 工作 有
Leo_He_has_a_job_008|Leo_He_has_a_job_008/1/*.png|Leo|He has a job|他有工作|他 工作 有
Leo_He_has_a_job_009|Leo_He_has_a_job_009/1/*.png|Leo|He has a job|他有工作|他 工作 有
Leo_He_has_a_job_010|Leo_He_has_a_job_010/1/*.png|Leo|He has a job|他有工作|他 工作 有
Leo_He_has_a_job_011|Leo_He_has_a_job_011/1/*.png|Leo|He has a job|他有工作|他 工作 有
Leo_He_has_a_job_012|Leo_He_has_a_job_012/1/*.png|Leo|He has a job|他有工作|他 工作 有
Leo_He_has_a_job_013|Leo_He_has_a_job_013/1/*.png|Leo|He has a job|他有工作|他 工作 有
Leo_He_has_a_job_014|Leo_He_has_a_job_014/1/*.png|Leo|He has a job|他有工作|他 工作 有
Leo_He_has_a_job_015|Leo_He_has_a_job_015/1/*.png|Leo|He has a job|他有工作|他 工作 有
Leo_He_has_a_job_016|Leo_He_has_a_job_016/1/*.png|Leo|He has a job|他有工作|他 工作 有
Leo_He_has_a_job_017|Leo_He_has_a_job_017/1/*.png|Leo|He has a job|他有工作|他 工作 有
Leo_He_has_a_job_018|Leo_He_has_a_job_018/1/*.png|Leo|He has a job|他有工作|他 工作 有
Leo_He_has_a_job_019|Leo_He_has_a_job_019/1/*.png|Leo|He has a job|他有工作|他 工作 有
Leo_He_has_a_job_020|Leo_He_has_a_job_020/1/*.png|Leo|He has a job|他有工作|他 工作 有
Leo_He_has_a_job_021|Leo_He_has_a_job_021/1/*.png|Leo|He has a job|他有工作|他 工作 有
Leo_He_has_a_job_022|Leo_He_has_a_job_022/1/*.png|Leo|He has a job|他有工作|他 工作 有
Leo_He_has_a_job_023|Leo_He_has_a_job_023/1/*.png|Leo|He has a job|他有工作|他 工作 有
Leo_He_has_a_job_024|Leo_He_has_a_job_024/1/*.png|Leo|He has a job|他有工作|他 工作 有
Leo_He_has_a_job_025|Leo_He_has_a_job_025/1/*.png|Leo|He has a job|他有工作|他 工作 有
Leo_He_has_a_job_026|Leo_He_has_a_job_026/1/*.png|Leo|He has a job|他有工作|他 工作 有
Leo_He_has_a_job_027|Leo_He_has_a_job_027/1/*.png|Leo|He has a job|他有工作|他 工作 有
Leo_He_has_a_job_028|Leo_He_has_a_job_028/1/*.png|Leo|He has a job|他有工作|他 工作 有
Leo_He_has_a_job_029|Leo_He_has_a_job_029/1/*.png|Leo|He has a job|他有工作|他 工作 有
Leo_He_has_a_job_030|Leo_He_has_a_job_030/1/*.png|Leo|He has a job|他有工作|他 工作 有
Leo_He_has_a_job_031|Leo_He_has_a_job_031/1/*.png|Leo|He has a job|他有工作|他 工作 有
Leo_He_has_a_job_032|Leo_He_has_a_job_032/1/*.png|Leo|He has a job|他有工作|他 工作 有
Leo_He_has_a_job_033|Leo_He_has_a_job_033/1/*.png|Leo|He has a job|他有工作|他 工作 有
Leo_He_has_a_job_034|Leo_He_has_a_job_034/1/*.png|Leo|He has a job|他有工作|他 工作 有
Leo_He_has_a_job_035|Leo_He_has_a_job_035/1/*.png|Leo|He has a job|他有工作|他 工作 有
Alex_He_knows_me_001|Alex_He_knows_me_001/1/*.png|Alex|He knows me|他認識我|他 我 認識
Alex_He_knows_me_002|Alex_He_knows_me_002/1/*.png|Alex|He knows me|他認識我|他 我 認識
Alex_He_knows_me_003|Alex_He_knows_me_003/1/*.png|Alex|He knows me|他認識我|他 我 認識
Alex_He_knows_me_004|Alex_He_knows_me_004/1/*.png|Alex|He knows me|他認識我|他 我 認識
Alex_He_knows_me_005|Alex_He_knows_me_005/1/*.png|Alex|He knows me|他認識我|他 我 認識
Alex_He_knows_me_006|Alex_He_knows_me_006/1/*.png|Alex|He knows me|他認識我|他 我 認識
Alex_He_knows_me_007|Alex_He_knows_me_007/1/*.png|Alex|He knows me|他認識我|他 我 認識
Alex_He_knows_me_008|Alex_He_knows_me_008/1/*.png|Alex|He knows me|他認識我|他 我 認識
Alex_He_knows_me_009|Alex_He_knows_me_009/1/*.png|Alex|He knows me|他認識我|他 我 認識
Alex_He_knows_me_010|Alex_He_knows_me_010/1/*.png|Alex|He knows me|他認識我|他 我 認識
Alex_He_knows_me_011|Alex_He_knows_me_011/1/*.png|Alex|He knows me|他認識我|他 我 認識
Alex_He_knows_me_012|Alex_He_knows_me_012/1/*.png|Alex|He knows me|他認識我|他 我 認識
Alex_He_knows_me_013|Alex_He_knows_me_013/1/*.png|Alex|He knows me|他認識我|他 我 認識
Alex_He_knows_me_014|Alex_He_knows_me_014/1/*.png|Alex|He knows me|他認識我|他 我 認識
Alex_He_knows_me_015|Alex_He_knows_me_015/1/*.png|Alex|He knows me|他認識我|他 我 認識
Alex_He_knows_me_016|Alex_He_knows_me_016/1/*.png|Alex|He knows me|他認識我|他 我 認識
Alex_He_knows_me_017|Alex_He_knows_me_017/1/*.png|Alex|He knows me|他認識我|他 我 認識
Alex_He_knows_me_018|Alex_He_knows_me_018/1/*.png|Alex|He knows me|他認識我|他 我 認識
Alex_He_knows_me_019|Alex_He_knows_me_019/1/*.png|Alex|He knows me|他認識我|他 我 認識
Alex_He_knows_me_020|Alex_He_knows_me_020/1/*.png|Alex|He knows me|他認識我|他 我 認識
Alex_He_knows_me_021|Alex_He_knows_me_021/1/*.png|Alex|He knows me|他認識我|他 我 認識
Alex_He_knows_me_022|Alex_He_knows_me_022/1/*.png|Alex|He knows me|他認識我|他 我 認識
Alex_He_knows_me_023|Alex_He_knows_me_023/1/*.png|Alex|He knows me|他認識我|他 我 認識
Alex_He_knows_me_024|Alex_He_knows_me_024/1/*.png|Alex|He knows me|他認識我|他 我 認識
Alex_He_knows_me_025|Alex_He_knows_me_025/1/*.png|Alex|He knows me|他認識我|他 我 認識
Alex_He_knows_me_026|Alex_He_knows_me_026/1/*.png|Alex|He knows me|他認識我|他 我 認識
Alex_He_knows_me_027|Alex_He_knows_me_027/1/*.png|Alex|He knows me|他認識我|他 我 認識
Alex_He_knows_me_028|Alex_He_knows_me_028/1/*.png|Alex|He knows me|他認識我|他 我 認識
Alex_He_knows_me_029|Alex_He_knows_me_029/1/*.png|Alex|He knows me|他認識我|他 我 認識
Alex_He_knows_me_030|Alex_He_knows_me_030/1/*.png|Alex|He knows me|他認識我|他 我 認識
Alex_He_knows_me_031|Alex_He_knows_me_031/1/*.png|Alex|He knows me|他認識我|他 我 認識
Alex_He_knows_me_032|Alex_He_knows_me_032/1/*.png|Alex|He knows me|他認識我|他 我 認識
Alex_He_knows_me_033|Alex_He_knows_me_033/1/*.png|Alex|He knows me|他認識我|他 我 認識
Alex_He_knows_me_034|Alex_He_knows_me_034/1/*.png|Alex|He knows me|他認識我|他 我 認識
Alex_He_knows_me_035|Alex_He_knows_me_035/1/*.png|Alex|He knows me|他認識我|他 我 認識
Auther_He_knows_me_001|Auther_He_knows_me_001/1/*.png|Auther|He knows me|他認識我|他 我 認識
Auther_He_knows_me_002|Auther_He_knows_me_002/1/*.png|Auther|He knows me|他認識我|他 我 認識
Auther_He_knows_me_003|Auther_He_knows_me_003/1/*.png|Auther|He knows me|他認識我|他 我 認識
Auther_He_knows_me_004|Auther_He_knows_me_004/1/*.png|Auther|He knows me|他認識我|他 我 認識
Auther_He_knows_me_005|Auther_He_knows_me_005/1/*.png|Auther|He knows me|他認識我|他 我 認識
Auther_He_knows_me_006|Auther_He_knows_me_006/1/*.png|Auther|He knows me|他認識我|他 我 認識
Auther_He_knows_me_007|Auther_He_knows_me_007/1/*.png|Auther|He knows me|他認識我|他 我 認識
Auther_He_knows_me_008|Auther_He_knows_me_008/1/*.png|Auther|He knows me|他認識我|他 我 認識
Auther_He_knows_me_009|Auther_He_knows_me_009/1/*.png|Auther|He knows me|他認識我|他 我 認識
Auther_He_knows_me_010|Auther_He_knows_me_010/1/*.png|Auther|He knows me|他認識我|他 我 認識
Auther_He_knows_me_011|Auther_He_knows_me_011/1/*.png|Auther|He knows me|他認識我|他 我 認識
Auther_He_knows_me_012|Auther_He_knows_me_012/1/*.png|Auther|He knows me|他認識我|他 我 認識
Auther_He_knows_me_013|Auther_He_knows_me_013/1/*.png|Auther|He knows me|他認識我|他 我 認識
Auther_He_knows_me_014|Auther_He_knows_me_014/1/*.png|Auther|He knows me|他認識我|他 我 認識
Auther_He_knows_me_015|Auther_He_knows_me_015/1/*.png|Auther|He knows me|他認識我|他 我 認識
Auther_He_knows_me_016|Auther_He_knows_me_016/1/*.png|Auther|He knows me|他認識我|他 我 認識
Auther_He_knows_me_017|Auther_He_knows_me_017/1/*.png|Auther|He knows me|他認識我|他 我 認識
Auther_He_knows_me_018|Auther_He_knows_me_018/1/*.png|Auther|He knows me|他認識我|他 我 認識
Auther_He_knows_me_019|Auther_He_knows_me_019/1/*.png|Auther|He knows me|他認識我|他 我 認識
Auther_He_knows_me_020|Auther_He_knows_me_020/1/*.png|Auther|He knows me|他認識我|他 我 認識
Auther_He_knows_me_021|Auther_He_knows_me_021/1/*.png|Auther|He knows me|他認識我|他 我 認識
Auther_He_knows_me_022|Auther_He_knows_me_022/1/*.png|Auther|He knows me|他認識我|他 我 認識
Auther_He_knows_me_023|Auther_He_knows_me_023/1/*.png|Auther|He knows me|他認識我|他 我 認識
Auther_He_knows_me_024|Auther_He_knows_me_024/1/*.png|Auther|He knows me|他認識我|他 我 認識
Auther_He_knows_me_025|Auther_He_knows_me_025/1/*.png|Auther|He knows me|他認識我|他 我 認識
Auther_He_knows_me_026|Auther_He_knows_me_026/1/*.png|Auther|He knows me|他認識我|他 我 認識
Auther_He_knows_me_027|Auther_He_knows_me_027/1/*.png|Auther|He knows me|他認識我|他 我 認識
Auther_He_knows_me_028|Auther_He_knows_me_028/1/*.png|Auther|He knows me|他認識我|他 我 認識
Auther_He_knows_me_029|Auther_He_knows_me_029/1/*.png|Auther|He knows me|他認識我|他 我 認識
Auther_He_knows_me_030|Auther_He_knows_me_030/1/*.png|Auther|He knows me|他認識我|他 我 認識
Auther_He_knows_me_031|Auther_He_knows_me_031/1/*.png|Auther|He knows me|他認識我|他 我 認識
Auther_He_knows_me_032|Auther_He_knows_me_032/1/*.png|Auther|He knows me|他認識我|他 我 認識
Auther_He_knows_me_033|Auther_He_knows_me_033/1/*.png|Auther|He knows me|他認識我|他 我 認識
Auther_He_knows_me_034|Auther_He_knows_me_034/1/*.png|Auther|He knows me|他認識我|他 我 認識
Auther_He_knows_me_035|Auther_He_knows_me_035/1/*.png|Auther|He knows me|他認識我|他 我 認識
David_He_knows_me_001|David_He_knows_me_001/1/*.png|David|He knows me|他認識我|他 我 認識
David_He_knows_me_002|David_He_knows_me_002/1/*.png|David|He knows me|他認識我|他 我 認識
David_He_knows_me_003|David_He_knows_me_003/1/*.png|David|He knows me|他認識我|他 我 認識
David_He_knows_me_004|David_He_knows_me_004/1/*.png|David|He knows me|他認識我|他 我 認識
David_He_knows_me_005|David_He_knows_me_005/1/*.png|David|He knows me|他認識我|他 我 認識
David_He_knows_me_006|David_He_knows_me_006/1/*.png|David|He knows me|他認識我|他 我 認識
David_He_knows_me_007|David_He_knows_me_007/1/*.png|David|He knows me|他認識我|他 我 認識
David_He_knows_me_008|David_He_knows_me_008/1/*.png|David|He knows me|他認識我|他 我 認識
David_He_knows_me_009|David_He_knows_me_009/1/*.png|David|He knows me|他認識我|他 我 認識
David_He_knows_me_010|David_He_knows_me_010/1/*.png|David|He knows me|他認識我|他 我 認識
David_He_knows_me_011|David_He_knows_me_011/1/*.png|David|He knows me|他認識我|他 我 認識
David_He_knows_me_012|David_He_knows_me_012/1/*.png|David|He knows me|他認識我|他 我 認識
David_He_knows_me_013|David_He_knows_me_013/1/*.png|David|He knows me|他認識我|他 我 認識
David_He_knows_me_014|David_He_knows_me_014/1/*.png|David|He knows me|他認識我|他 我 認識
David_He_knows_me_015|David_He_knows_me_015/1/*.png|David|He knows me|他認識我|他 我 認識
David_He_knows_me_016|David_He_knows_me_016/1/*.png|David|He knows me|他認識我|他 我 認識
David_He_knows_me_017|David_He_knows_me_017/1/*.png|David|He knows me|他認識我|他 我 認識
David_He_knows_me_018|David_He_knows_me_018/1/*.png|David|He knows me|他認識我|他 我 認識
David_He_knows_me_019|David_He_knows_me_019/1/*.png|David|He knows me|他認識我|他 我 認識
David_He_knows_me_020|David_He_knows_me_020/1/*.png|David|He knows me|他認識我|他 我 認識
David_He_knows_me_021|David_He_knows_me_021/1/*.png|David|He knows me|他認識我|他 我 認識
David_He_knows_me_022|David_He_knows_me_022/1/*.png|David|He knows me|他認識我|他 我 認識
David_He_knows_me_023|David_He_knows_me_023/1/*.png|David|He knows me|他認識我|他 我 認識
David_He_knows_me_024|David_He_knows_me_024/1/*.png|David|He knows me|他認識我|他 我 認識
David_He_knows_me_025|David_He_knows_me_025/1/*.png|David|He knows me|他認識我|他 我 認識
David_He_knows_me_026|David_He_knows_me_026/1/*.png|David|He knows me|他認識我|他 我 認識
David_He_knows_me_027|David_He_knows_me_027/1/*.png|David|He knows me|他認識我|他 我 認識
David_He_knows_me_028|David_He_knows_me_028/1/*.png|David|He knows me|他認識我|他 我 認識
David_He_knows_me_029|David_He_knows_me_029/1/*.png|David|He knows me|他認識我|他 我 認識
David_He_knows_me_030|David_He_knows_me_030/1/*.png|David|He knows me|他認識我|他 我 認識
David_He_knows_me_031|David_He_knows_me_031/1/*.png|David|He knows me|他認識我|他 我 認識
David_He_knows_me_032|David_He_knows_me_032/1/*.png|David|He knows me|他認識我|他 我 認識
David_He_knows_me_033|David_He_knows_me_033/1/*.png|David|He knows me|他認識我|他 我 認識
David_He_knows_me_034|David_He_knows_me_034/1/*.png|David|He knows me|他認識我|他 我 認識
David_He_knows_me_035|David_He_knows_me_035/1/*.png|David|He knows me|他認識我|他 我 認識
Jerry_He_knows_me_001|Jerry_He_knows_me_001/1/*.png|Jerry|He knows me|他認識我|他 我 認識
Jerry_He_knows_me_002|Jerry_He_knows_me_002/1/*.png|Jerry|He knows me|他認識我|他 我 認識
Jerry_He_knows_me_003|Jerry_He_knows_me_003/1/*.png|Jerry|He knows me|他認識我|他 我 認識
Jerry_He_knows_me_004|Jerry_He_knows_me_004/1/*.png|Jerry|He knows me|他認識我|他 我 認識
Jerry_He_knows_me_005|Jerry_He_knows_me_005/1/*.png|Jerry|He knows me|他認識我|他 我 認識
Jerry_He_knows_me_006|Jerry_He_knows_me_006/1/*.png|Jerry|He knows me|他認識我|他 我 認識
Jerry_He_knows_me_007|Jerry_He_knows_me_007/1/*.png|Jerry|He knows me|他認識我|他 我 認識
Jerry_He_knows_me_008|Jerry_He_knows_me_008/1/*.png|Jerry|He knows me|他認識我|他 我 認識
Jerry_He_knows_me_009|Jerry_He_knows_me_009/1/*.png|Jerry|He knows me|他認識我|他 我 認識
Jerry_He_knows_me_010|Jerry_He_knows_me_010/1/*.png|Jerry|He knows me|他認識我|他 我 認識
Jerry_He_knows_me_011|Jerry_He_knows_me_011/1/*.png|Jerry|He knows me|他認識我|他 我 認識
Jerry_He_knows_me_012|Jerry_He_knows_me_012/1/*.png|Jerry|He knows me|他認識我|他 我 認識
Jerry_He_knows_me_013|Jerry_He_knows_me_013/1/*.png|Jerry|He knows me|他認識我|他 我 認識
Jerry_He_knows_me_014|Jerry_He_knows_me_014/1/*.png|Jerry|He knows me|他認識我|他 我 認識
Jerry_He_knows_me_015|Jerry_He_knows_me_015/1/*.png|Jerry|He knows me|他認識我|他 我 認識
Jerry_He_knows_me_016|Jerry_He_knows_me_016/1/*.png|Jerry|He knows me|他認識我|他 我 認識
Jerry_He_knows_me_017|Jerry_He_knows_me_017/1/*.png|Jerry|He knows me|他認識我|他 我 認識
Jerry_He_knows_me_018|Jerry_He_knows_me_018/1/*.png|Jerry|He knows me|他認識我|他 我 認識
Jerry_He_knows_me_019|Jerry_He_knows_me_019/1/*.png|Jerry|He knows me|他認識我|他 我 認識
Jerry_He_knows_me_020|Jerry_He_knows_me_020/1/*.png|Jerry|He knows me|他認識我|他 我 認識
Jerry_He_knows_me_021|Jerry_He_knows_me_021/1/*.png|Jerry|He knows me|他認識我|他 我 認識
Jerry_He_knows_me_022|Jerry_He_knows_me_022/1/*.png|Jerry|He knows me|他認識我|他 我 認識
Jerry_He_knows_me_023|Jerry_He_knows_me_023/1/*.png|Jerry|He knows me|他認識我|他 我 認識
Jerry_He_knows_me_024|Jerry_He_knows_me_024/1/*.png|Jerry|He knows me|他認識我|他 我 認識
Jerry_He_knows_me_025|Jerry_He_knows_me_025/1/*.png|Jerry|He knows me|他認識我|他 我 認識
Jerry_He_knows_me_026|Jerry_He_knows_me_026/1/*.png|Jerry|He knows me|他認識我|他 我 認識
Jerry_He_knows_me_027|Jerry_He_knows_me_027/1/*.png|Jerry|He knows me|他認識我|他 我 認識
Jerry_He_knows_me_028|Jerry_He_knows_me_028/1/*.png|Jerry|He knows me|他認識我|他 我 認識
Jerry_He_knows_me_029|Jerry_He_knows_me_029/1/*.png|Jerry|He knows me|他認識我|他 我 認識
Jerry_He_knows_me_030|Jerry_He_knows_me_030/1/*.png|Jerry|He knows me|他認識我|他 我 認識
Jerry_He_knows_me_031|Jerry_He_knows_me_031/1/*.png|Jerry|He knows me|他認識我|他 我 認識
Jerry_He_knows_me_032|Jerry_He_knows_me_032/1/*.png|Jerry|He knows me|他認識我|他 我 認識
Jerry_He_knows_me_033|Jerry_He_knows_me_033/1/*.png|Jerry|He knows me|他認識我|他 我 認識
Jerry_He_knows_me_034|Jerry_He_knows_me_034/1/*.png|Jerry|He knows me|他認識我|他 我 認識
Jerry_He_knows_me_035|Jerry_He_knows_me_035/1/*.png|Jerry|He knows me|他認識我|他 我 認識
Leo_He_knows_me_001|Leo_He_knows_me_001/1/*.png|Leo|He knows me|他認識我|他 我 認識
Leo_He_knows_me_002|Leo_He_knows_me_002/1/*.png|Leo|He knows me|他認識我|他 我 認識
Leo_He_knows_me_003|Leo_He_knows_me_003/1/*.png|Leo|He knows me|他認識我|他 我 認識
Leo_He_knows_me_004|Leo_He_knows_me_004/1/*.png|Leo|He knows me|他認識我|他 我 認識
Leo_He_knows_me_005|Leo_He_knows_me_005/1/*.png|Leo|He knows me|他認識我|他 我 認識
Leo_He_knows_me_006|Leo_He_knows_me_006/1/*.png|Leo|He knows me|他認識我|他 我 認識
Leo_He_knows_me_007|Leo_He_knows_me_007/1/*.png|Leo|He knows me|他認識我|他 我 認識
Leo_He_knows_me_008|Leo_He_knows_me_008/1/*.png|Leo|He knows me|他認識我|他 我 認識
Leo_He_knows_me_009|Leo_He_knows_me_009/1/*.png|Leo|He knows me|他認識我|他 我 認識
Leo_He_knows_me_010|Leo_He_knows_me_010/1/*.png|Leo|He knows me|他認識我|他 我 認識
Leo_He_knows_me_011|Leo_He_knows_me_011/1/*.png|Leo|He knows me|他認識我|他 我 認識
Leo_He_knows_me_012|Leo_He_knows_me_012/1/*.png|Leo|He knows me|他認識我|他 我 認識
Leo_He_knows_me_013|Leo_He_knows_me_013/1/*.png|Leo|He knows me|他認識我|他 我 認識
Leo_He_knows_me_014|Leo_He_knows_me_014/1/*.png|Leo|He knows me|他認識我|他 我 認識
Leo_He_knows_me_015|Leo_He_knows_me_015/1/*.png|Leo|He knows me|他認識我|他 我 認識
Leo_He_knows_me_016|Leo_He_knows_me_016/1/*.png|Leo|He knows me|他認識我|他 我 認識
Leo_He_knows_me_017|Leo_He_knows_me_017/1/*.png|Leo|He knows me|他認識我|他 我 認識
Leo_He_knows_me_018|Leo_He_knows_me_018/1/*.png|Leo|He knows me|他認識我|他 我 認識
Leo_He_knows_me_019|Leo_He_knows_me_019/1/*.png|Leo|He knows me|他認識我|他 我 認識
Leo_He_knows_me_020|Leo_He_knows_me_020/1/*.png|Leo|He knows me|他認識我|他 我 認識
Leo_He_knows_me_021|Leo_He_knows_me_021/1/*.png|Leo|He knows me|他認識我|他 我 認識
Leo_He_knows_me_022|Leo_He_knows_me_022/1/*.png|Leo|He knows me|他認識我|他 我 認識
Leo_He_knows_me_023|Leo_He_knows_me_023/1/*.png|Leo|He knows me|他認識我|他 我 認識
Leo_He_knows_me_024|Leo_He_knows_me_024/1/*.png|Leo|He knows me|他認識我|他 我 認識
Leo_He_knows_me_025|Leo_He_knows_me_025/1/*.png|Leo|He knows me|他認識我|他 我 認識
Leo_He_knows_me_026|Leo_He_knows_me_026/1/*.png|Leo|He knows me|他認識我|他 我 認識
Leo_He_knows_me_027|Leo_He_knows_me_027/1/*.png|Leo|He knows me|他認識我|他 我 認識
Leo_He_knows_me_028|Leo_He_knows_me_028/1/*.png|Leo|He knows me|他認識我|他 我 認識
Leo_He_knows_me_029|Leo_He_knows_me_029/1/*.png|Leo|He knows me|他認識我|他 我 認識
Leo_He_knows_me_030|Leo_He_knows_me_030/1/*.png|Leo|He knows me|他認識我|他 我 認識
Leo_He_knows_me_031|Leo_He_knows_me_031/1/*.png|Leo|He knows me|他認識我|他 我 認識
Leo_He_knows_me_032|Leo_He_knows_me_032/1/*.png|Leo|He knows me|他認識我|他 我 認識
Leo_He_knows_me_033|Leo_He_knows_me_033/1/*.png|Leo|He knows me|他認識我|他 我 認識
Leo_He_knows_me_034|Leo_He_knows_me_034/1/*.png|Leo|He knows me|他認識我|他 我 認識
Leo_He_knows_me_035|Leo_He_knows_me_035/1/*.png|Leo|He knows me|他認識我|他 我 認識
Leo_He_knows_me_036|Leo_He_knows_me_036/1/*.png|Leo|He knows me|他認識我|他 我 認識
Alex_I_can_help_you_001|Alex_I_can_help_you_001/1/*.png|Alex|I can help you|我可以幫助你|我 幫忙 可以
Alex_I_can_help_you_002|Alex_I_can_help_you_002/1/*.png|Alex|I can help you|我可以幫助你|我 幫忙 可以
Alex_I_can_help_you_003|Alex_I_can_help_you_003/1/*.png|Alex|I can help you|我可以幫助你|我 幫忙 可以
Alex_I_can_help_you_004|Alex_I_can_help_you_004/1/*.png|Alex|I can help you|我可以幫助你|我 幫忙 可以
Alex_I_can_help_you_005|Alex_I_can_help_you_005/1/*.png|Alex|I can help you|我可以幫助你|我 幫忙 可以
Alex_I_can_help_you_007|Alex_I_can_help_you_007/1/*.png|Alex|I can help you|我可以幫助你|我 幫忙 可以
Alex_I_can_help_you_008|Alex_I_can_help_you_008/1/*.png|Alex|I can help you|我可以幫助你|我 幫忙 可以
Alex_I_can_help_you_009|Alex_I_can_help_you_009/1/*.png|Alex|I can help you|我可以幫助你|我 幫忙 可以
Alex_I_can_help_you_010|Alex_I_can_help_you_010/1/*.png|Alex|I can help you|我可以幫助你|我 幫忙 可以
Alex_I_can_help_you_011|Alex_I_can_help_you_011/1/*.png|Alex|I can help you|我可以幫助你|我 幫忙 可以
Alex_I_can_help_you_012|Alex_I_can_help_you_012/1/*.png|Alex|I can help you|我可以幫助你|我 幫忙 可以
Alex_I_can_help_you_013|Alex_I_can_help_you_013/1/*.png|Alex|I can help you|我可以幫助你|我 幫忙 可以
Alex_I_can_help_you_014|Alex_I_can_help_you_014/1/*.png|Alex|I can help you|我可以幫助你|我 幫忙 可以
Alex_I_can_help_you_015|Alex_I_can_help_you_015/1/*.png|Alex|I can help you|我可以幫助你|我 幫忙 可以
Alex_I_can_help_you_016|Alex_I_can_help_you_016/1/*.png|Alex|I can help you|我可以幫助你|我 幫忙 可以
Alex_I_can_help_you_017|Alex_I_can_help_you_017/1/*.png|Alex|I can help you|我可以幫助你|我 幫忙 可以
Alex_I_can_help_you_018|Alex_I_can_help_you_018/1/*.png|Alex|I can help you|我可以幫助你|我 幫忙 可以
Alex_I_can_help_you_019|Alex_I_can_help_you_019/1/*.png|Alex|I can help you|我可以幫助你|我 幫忙 可以
Alex_I_can_help_you_020|Alex_I_can_help_you_020/1/*.png|Alex|I can help you|我可以幫助你|我 幫忙 可以
Alex_I_can_help_you_021|Alex_I_can_help_you_021/1/*.png|Alex|I can help you|我可以幫助你|我 幫忙 可以
Alex_I_can_help_you_023|Alex_I_can_help_you_023/1/*.png|Alex|I can help you|我可以幫助你|我 幫忙 可以
Alex_I_can_help_you_024|Alex_I_can_help_you_024/1/*.png|Alex|I can help you|我可以幫助你|我 幫忙 可以
Alex_I_can_help_you_025|Alex_I_can_help_you_025/1/*.png|Alex|I can help you|我可以幫助你|我 幫忙 可以
Alex_I_can_help_you_026|Alex_I_can_help_you_026/1/*.png|Alex|I can help you|我可以幫助你|我 幫忙 可以
Alex_I_can_help_you_027|Alex_I_can_help_you_027/1/*.png|Alex|I can help you|我可以幫助你|我 幫忙 可以
Alex_I_can_help_you_028|Alex_I_can_help_you_028/1/*.png|Alex|I can help you|我可以幫助你|我 幫忙 可以
Alex_I_can_help_you_029|Alex_I_can_help_you_029/1/*.png|Alex|I can help you|我可以幫助你|我 幫忙 可以
Alex_I_can_help_you_030|Alex_I_can_help_you_030/1/*.png|Alex|I can help you|我可以幫助你|我 幫忙 可以
Alex_I_can_help_you_031|Alex_I_can_help_you_031/1/*.png|Alex|I can help you|我可以幫助你|我 幫忙 可以
Alex_I_can_help_you_033|Alex_I_can_help_you_033/1/*.png|Alex|I can help you|我可以幫助你|我 幫忙 可以
Alex_I_can_help_you_034|Alex_I_can_help_you_034/1/*.png|Alex|I can help you|我可以幫助你|我 幫忙 可以
Alex_I_can_help_you_035|Alex_I_can_help_you_035/1/*.png|Alex|I can help you|我可以幫助你|我 幫忙 可以
Alex_I_can_help_you_037|Alex_I_can_help_you_037/1/*.png|Alex|I can help you|我可以幫助你|我 幫忙 可以
Alex_I_can_help_you_038|Alex_I_can_help_you_038/1/*.png|Alex|I can help you|我可以幫助你|我 幫忙 可以
Alex_I_can_help_you_039|Alex_I_can_help_you_039/1/*.png|Alex|I can help you|我可以幫助你|我 幫忙 可以
Auther_I_can_help_you_001|Auther_I_can_help_you_001/1/*.png|Auther|I can help you|我可以幫助你|我 幫忙 可以
Auther_I_can_help_you_002|Auther_I_can_help_you_002/1/*.png|Auther|I can help you|我可以幫助你|我 幫忙 可以
Auther_I_can_help_you_003|Auther_I_can_help_you_003/1/*.png|Auther|I can help you|我可以幫助你|我 幫忙 可以
Auther_I_can_help_you_004|Auther_I_can_help_you_004/1/*.png|Auther|I can help you|我可以幫助你|我 幫忙 可以
Auther_I_can_help_you_005|Auther_I_can_help_you_005/1/*.png|Auther|I can help you|我可以幫助你|我 幫忙 可以
Auther_I_can_help_you_006|Auther_I_can_help_you_006/1/*.png|Auther|I can help you|我可以幫助你|我 幫忙 可以
Auther_I_can_help_you_007|Auther_I_can_help_you_007/1/*.png|Auther|I can help you|我可以幫助你|我 幫忙 可以
Auther_I_can_help_you_008|Auther_I_can_help_you_008/1/*.png|Auther|I can help you|我可以幫助你|我 幫忙 可以
Auther_I_can_help_you_009|Auther_I_can_help_you_009/1/*.png|Auther|I can help you|我可以幫助你|我 幫忙 可以
Auther_I_can_help_you_010|Auther_I_can_help_you_010/1/*.png|Auther|I can help you|我可以幫助你|我 幫忙 可以
Auther_I_can_help_you_011|Auther_I_can_help_you_011/1/*.png|Auther|I can help you|我可以幫助你|我 幫忙 可以
Auther_I_can_help_you_012|Auther_I_can_help_you_012/1/*.png|Auther|I can help you|我可以幫助你|我 幫忙 可以
Auther_I_can_help_you_013|Auther_I_can_help_you_013/1/*.png|Auther|I can help you|我可以幫助你|我 幫忙 可以
Auther_I_can_help_you_014|Auther_I_can_help_you_014/1/*.png|Auther|I can help you|我可以幫助你|我 幫忙 可以
Auther_I_can_help_you_015|Auther_I_can_help_you_015/1/*.png|Auther|I can help you|我可以幫助你|我 幫忙 可以
Auther_I_can_help_you_016|Auther_I_can_help_you_016/1/*.png|Auther|I can help you|我可以幫助你|我 幫忙 可以
Auther_I_can_help_you_017|Auther_I_can_help_you_017/1/*.png|Auther|I can help you|我可以幫助你|我 幫忙 可以
Auther_I_can_help_you_018|Auther_I_can_help_you_018/1/*.png|Auther|I can help you|我可以幫助你|我 幫忙 可以
Auther_I_can_help_you_019|Auther_I_can_help_you_019/1/*.png|Auther|I can help you|我可以幫助你|我 幫忙 可以
Auther_I_can_help_you_020|Auther_I_can_help_you_020/1/*.png|Auther|I can help you|我可以幫助你|我 幫忙 可以
Auther_I_can_help_you_021|Auther_I_can_help_you_021/1/*.png|Auther|I can help you|我可以幫助你|我 幫忙 可以
Auther_I_can_help_you_022|Auther_I_can_help_you_022/1/*.png|Auther|I can help you|我可以幫助你|我 幫忙 可以
Auther_I_can_help_you_023|Auther_I_can_help_you_023/1/*.png|Auther|I can help you|我可以幫助你|我 幫忙 可以
Auther_I_can_help_you_024|Auther_I_can_help_you_024/1/*.png|Auther|I can help you|我可以幫助你|我 幫忙 可以
Auther_I_can_help_you_025|Auther_I_can_help_you_025/1/*.png|Auther|I can help you|我可以幫助你|我 幫忙 可以
Auther_I_can_help_you_026|Auther_I_can_help_you_026/1/*.png|Auther|I can help you|我可以幫助你|我 幫忙 可以
Auther_I_can_help_you_027|Auther_I_can_help_you_027/1/*.png|Auther|I can help you|我可以幫助你|我 幫忙 可以
Auther_I_can_help_you_028|Auther_I_can_help_you_028/1/*.png|Auther|I can help you|我可以幫助你|我 幫忙 可以
Auther_I_can_help_you_029|Auther_I_can_help_you_029/1/*.png|Auther|I can help you|我可以幫助你|我 幫忙 可以
Auther_I_can_help_you_030|Auther_I_can_help_you_030/1/*.png|Auther|I can help you|我可以幫助你|我 幫忙 可以
Auther_I_can_help_you_031|Auther_I_can_help_you_031/1/*.png|Auther|I can help you|我可以幫助你|我 幫忙 可以
Auther_I_can_help_you_032|Auther_I_can_help_you_032/1/*.png|Auther|I can help you|我可以幫助你|我 幫忙 可以
Auther_I_can_help_you_033|Auther_I_can_help_you_033/1/*.png|Auther|I can help you|我可以幫助你|我 幫忙 可以
Auther_I_can_help_you_034|Auther_I_can_help_you_034/1/*.png|Auther|I can help you|我可以幫助你|我 幫忙 可以
Auther_I_can_help_you_035|Auther_I_can_help_you_035/1/*.png|Auther|I can help you|我可以幫助你|我 幫忙 可以
David_I_can_help_you_002|David_I_can_help_you_002/1/*.png|David|I can help you|我可以幫助你|我 幫忙 可以
David_I_can_help_you_003|David_I_can_help_you_003/1/*.png|David|I can help you|我可以幫助你|我 幫忙 可以
David_I_can_help_you_004|David_I_can_help_you_004/1/*.png|David|I can help you|我可以幫助你|我 幫忙 可以
David_I_can_help_you_005|David_I_can_help_you_005/1/*.png|David|I can help you|我可以幫助你|我 幫忙 可以
David_I_can_help_you_006|David_I_can_help_you_006/1/*.png|David|I can help you|我可以幫助你|我 幫忙 可以
David_I_can_help_you_007|David_I_can_help_you_007/1/*.png|David|I can help you|我可以幫助你|我 幫忙 可以
David_I_can_help_you_008|David_I_can_help_you_008/1/*.png|David|I can help you|我可以幫助你|我 幫忙 可以
David_I_can_help_you_009|David_I_can_help_you_009/1/*.png|David|I can help you|我可以幫助你|我 幫忙 可以
David_I_can_help_you_010|David_I_can_help_you_010/1/*.png|David|I can help you|我可以幫助你|我 幫忙 可以
David_I_can_help_you_011|David_I_can_help_you_011/1/*.png|David|I can help you|我可以幫助你|我 幫忙 可以
David_I_can_help_you_012|David_I_can_help_you_012/1/*.png|David|I can help you|我可以幫助你|我 幫忙 可以
David_I_can_help_you_013|David_I_can_help_you_013/1/*.png|David|I can help you|我可以幫助你|我 幫忙 可以
David_I_can_help_you_014|David_I_can_help_you_014/1/*.png|David|I can help you|我可以幫助你|我 幫忙 可以
David_I_can_help_you_015|David_I_can_help_you_015/1/*.png|David|I can help you|我可以幫助你|我 幫忙 可以
David_I_can_help_you_016|David_I_can_help_you_016/1/*.png|David|I can help you|我可以幫助你|我 幫忙 可以
David_I_can_help_you_017|David_I_can_help_you_017/1/*.png|David|I can help you|我可以幫助你|我 幫忙 可以
David_I_can_help_you_018|David_I_can_help_you_018/1/*.png|David|I can help you|我可以幫助你|我 幫忙 可以
David_I_can_help_you_019|David_I_can_help_you_019/1/*.png|David|I can help you|我可以幫助你|我 幫忙 可以
David_I_can_help_you_020|David_I_can_help_you_020/1/*.png|David|I can help you|我可以幫助你|我 幫忙 可以
David_I_can_help_you_021|David_I_can_help_you_021/1/*.png|David|I can help you|我可以幫助你|我 幫忙 可以
David_I_can_help_you_022|David_I_can_help_you_022/1/*.png|David|I can help you|我可以幫助你|我 幫忙 可以
David_I_can_help_you_023|David_I_can_help_you_023/1/*.png|David|I can help you|我可以幫助你|我 幫忙 可以
David_I_can_help_you_024|David_I_can_help_you_024/1/*.png|David|I can help you|我可以幫助你|我 幫忙 可以
David_I_can_help_you_025|David_I_can_help_you_025/1/*.png|David|I can help you|我可以幫助你|我 幫忙 可以
David_I_can_help_you_026|David_I_can_help_you_026/1/*.png|David|I can help you|我可以幫助你|我 幫忙 可以
David_I_can_help_you_027|David_I_can_help_you_027/1/*.png|David|I can help you|我可以幫助你|我 幫忙 可以
David_I_can_help_you_028|David_I_can_help_you_028/1/*.png|David|I can help you|我可以幫助你|我 幫忙 可以
David_I_can_help_you_029|David_I_can_help_you_029/1/*.png|David|I can help you|我可以幫助你|我 幫忙 可以
David_I_can_help_you_030|David_I_can_help_you_030/1/*.png|David|I can help you|我可以幫助你|我 幫忙 可以
David_I_can_help_you_031|David_I_can_help_you_031/1/*.png|David|I can help you|我可以幫助你|我 幫忙 可以
David_I_can_help_you_032|David_I_can_help_you_032/1/*.png|David|I can help you|我可以幫助你|我 幫忙 可以
David_I_can_help_you_033|David_I_can_help_you_033/1/*.png|David|I can help you|我可以幫助你|我 幫忙 可以
David_I_can_help_you_035|David_I_can_help_you_035/1/*.png|David|I can help you|我可以幫助你|我 幫忙 可以
David_I_can_help_you_036|David_I_can_help_you_036/1/*.png|David|I can help you|我可以幫助你|我 幫忙 可以
David_I_can_help_you_037|David_I_can_help_you_037/1/*.png|David|I can help you|我可以幫助你|我 幫忙 可以
Jerry_I_can_help_you_001|Jerry_I_can_help_you_001/1/*.png|Jerry|I can help you|我可以幫助你|我 幫忙 可以
Jerry_I_can_help_you_002|Jerry_I_can_help_you_002/1/*.png|Jerry|I can help you|我可以幫助你|我 幫忙 可以
Jerry_I_can_help_you_003|Jerry_I_can_help_you_003/1/*.png|Jerry|I can help you|我可以幫助你|我 幫忙 可以
Jerry_I_can_help_you_004|Jerry_I_can_help_you_004/1/*.png|Jerry|I can help you|我可以幫助你|我 幫忙 可以
Jerry_I_can_help_you_005|Jerry_I_can_help_you_005/1/*.png|Jerry|I can help you|我可以幫助你|我 幫忙 可以
Jerry_I_can_help_you_006|Jerry_I_can_help_you_006/1/*.png|Jerry|I can help you|我可以幫助你|我 幫忙 可以
Jerry_I_can_help_you_007|Jerry_I_can_help_you_007/1/*.png|Jerry|I can help you|我可以幫助你|我 幫忙 可以
Jerry_I_can_help_you_008|Jerry_I_can_help_you_008/1/*.png|Jerry|I can help you|我可以幫助你|我 幫忙 可以
Jerry_I_can_help_you_009|Jerry_I_can_help_you_009/1/*.png|Jerry|I can help you|我可以幫助你|我 幫忙 可以
Jerry_I_can_help_you_010|Jerry_I_can_help_you_010/1/*.png|Jerry|I can help you|我可以幫助你|我 幫忙 可以
Jerry_I_can_help_you_011|Jerry_I_can_help_you_011/1/*.png|Jerry|I can help you|我可以幫助你|我 幫忙 可以
Jerry_I_can_help_you_012|Jerry_I_can_help_you_012/1/*.png|Jerry|I can help you|我可以幫助你|我 幫忙 可以
Jerry_I_can_help_you_013|Jerry_I_can_help_you_013/1/*.png|Jerry|I can help you|我可以幫助你|我 幫忙 可以
Jerry_I_can_help_you_014|Jerry_I_can_help_you_014/1/*.png|Jerry|I can help you|我可以幫助你|我 幫忙 可以
Jerry_I_can_help_you_015|Jerry_I_can_help_you_015/1/*.png|Jerry|I can help you|我可以幫助你|我 幫忙 可以
Jerry_I_can_help_you_016|Jerry_I_can_help_you_016/1/*.png|Jerry|I can help you|我可以幫助你|我 幫忙 可以
Jerry_I_can_help_you_017|Jerry_I_can_help_you_017/1/*.png|Jerry|I can help you|我可以幫助你|我 幫忙 可以
Jerry_I_can_help_you_018|Jerry_I_can_help_you_018/1/*.png|Jerry|I can help you|我可以幫助你|我 幫忙 可以
Jerry_I_can_help_you_019|Jerry_I_can_help_you_019/1/*.png|Jerry|I can help you|我可以幫助你|我 幫忙 可以
Jerry_I_can_help_you_020|Jerry_I_can_help_you_020/1/*.png|Jerry|I can help you|我可以幫助你|我 幫忙 可以
Jerry_I_can_help_you_021|Jerry_I_can_help_you_021/1/*.png|Jerry|I can help you|我可以幫助你|我 幫忙 可以
Jerry_I_can_help_you_022|Jerry_I_can_help_you_022/1/*.png|Jerry|I can help you|我可以幫助你|我 幫忙 可以
Jerry_I_can_help_you_023|Jerry_I_can_help_you_023/1/*.png|Jerry|I can help you|我可以幫助你|我 幫忙 可以
Jerry_I_can_help_you_024|Jerry_I_can_help_you_024/1/*.png|Jerry|I can help you|我可以幫助你|我 幫忙 可以
Jerry_I_can_help_you_025|Jerry_I_can_help_you_025/1/*.png|Jerry|I can help you|我可以幫助你|我 幫忙 可以
Jerry_I_can_help_you_026|Jerry_I_can_help_you_026/1/*.png|Jerry|I can help you|我可以幫助你|我 幫忙 可以
Jerry_I_can_help_you_027|Jerry_I_can_help_you_027/1/*.png|Jerry|I can help you|我可以幫助你|我 幫忙 可以
Jerry_I_can_help_you_028|Jerry_I_can_help_you_028/1/*.png|Jerry|I can help you|我可以幫助你|我 幫忙 可以
Jerry_I_can_help_you_029|Jerry_I_can_help_you_029/1/*.png|Jerry|I can help you|我可以幫助你|我 幫忙 可以
Jerry_I_can_help_you_030|Jerry_I_can_help_you_030/1/*.png|Jerry|I can help you|我可以幫助你|我 幫忙 可以
Jerry_I_can_help_you_031|Jerry_I_can_help_you_031/1/*.png|Jerry|I can help you|我可以幫助你|我 幫忙 可以
Jerry_I_can_help_you_032|Jerry_I_can_help_you_032/1/*.png|Jerry|I can help you|我可以幫助你|我 幫忙 可以
Jerry_I_can_help_you_033|Jerry_I_can_help_you_033/1/*.png|Jerry|I can help you|我可以幫助你|我 幫忙 可以
Jerry_I_can_help_you_034|Jerry_I_can_help_you_034/1/*.png|Jerry|I can help you|我可以幫助你|我 幫忙 可以
Jerry_I_can_help_you_035|Jerry_I_can_help_you_035/1/*.png|Jerry|I can help you|我可以幫助你|我 幫忙 可以
Leo_I_can_help_you_001|Leo_I_can_help_you_001/1/*.png|Leo|I can help you|我可以幫助你|我 幫忙 可以
Leo_I_can_help_you_002|Leo_I_can_help_you_002/1/*.png|Leo|I can help you|我可以幫助你|我 幫忙 可以
Leo_I_can_help_you_003|Leo_I_can_help_you_003/1/*.png|Leo|I can help you|我可以幫助你|我 幫忙 可以
Leo_I_can_help_you_004|Leo_I_can_help_you_004/1/*.png|Leo|I can help you|我可以幫助你|我 幫忙 可以
Leo_I_can_help_you_005|Leo_I_can_help_you_005/1/*.png|Leo|I can help you|我可以幫助你|我 幫忙 可以
Leo_I_can_help_you_006|Leo_I_can_help_you_006/1/*.png|Leo|I can help you|我可以幫助你|我 幫忙 可以
Leo_I_can_help_you_007|Leo_I_can_help_you_007/1/*.png|Leo|I can help you|我可以幫助你|我 幫忙 可以
Leo_I_can_help_you_008|Leo_I_can_help_you_008/1/*.png|Leo|I can help you|我可以幫助你|我 幫忙 可以
Leo_I_can_help_you_009|Leo_I_can_help_you_009/1/*.png|Leo|I can help you|我可以幫助你|我 幫忙 可以
Leo_I_can_help_you_010|Leo_I_can_help_you_010/1/*.png|Leo|I can help you|我可以幫助你|我 幫忙 可以
Leo_I_can_help_you_011|Leo_I_can_help_you_011/1/*.png|Leo|I can help you|我可以幫助你|我 幫忙 可以
Leo_I_can_help_you_012|Leo_I_can_help_you_012/1/*.png|Leo|I can help you|我可以幫助你|我 幫忙 可以
Leo_I_can_help_you_013|Leo_I_can_help_you_013/1/*.png|Leo|I can help you|我可以幫助你|我 幫忙 可以
Leo_I_can_help_you_014|Leo_I_can_help_you_014/1/*.png|Leo|I can help you|我可以幫助你|我 幫忙 可以
Leo_I_can_help_you_015|Leo_I_can_help_you_015/1/*.png|Leo|I can help you|我可以幫助你|我 幫忙 可以
Leo_I_can_help_you_016|Leo_I_can_help_you_016/1/*.png|Leo|I can help you|我可以幫助你|我 幫忙 可以
Leo_I_can_help_you_017|Leo_I_can_help_you_017/1/*.png|Leo|I can help you|我可以幫助你|我 幫忙 可以
Leo_I_can_help_you_018|Leo_I_can_help_you_018/1/*.png|Leo|I can help you|我可以幫助你|我 幫忙 可以
Leo_I_can_help_you_019|Leo_I_can_help_you_019/1/*.png|Leo|I can help you|我可以幫助你|我 幫忙 可以
Leo_I_can_help_you_020|Leo_I_can_help_you_020/1/*.png|Leo|I can help you|我可以幫助你|我 幫忙 可以
Leo_I_can_help_you_021|Leo_I_can_help_you_021/1/*.png|Leo|I can help you|我可以幫助你|我 幫忙 可以
Leo_I_can_help_you_022|Leo_I_can_help_you_022/1/*.png|Leo|I can help you|我可以幫助你|我 幫忙 可以
Leo_I_can_help_you_023|Leo_I_can_help_you_023/1/*.png|Leo|I can help you|我可以幫助你|我 幫忙 可以
Leo_I_can_help_you_024|Leo_I_can_help_you_024/1/*.png|Leo|I can help you|我可以幫助你|我 幫忙 可以
Leo_I_can_help_you_025|Leo_I_can_help_you_025/1/*.png|Leo|I can help you|我可以幫助你|我 幫忙 可以
Leo_I_can_help_you_026|Leo_I_can_help_you_026/1/*.png|Leo|I can help you|我可以幫助你|我 幫忙 可以
Leo_I_can_help_you_027|Leo_I_can_help_you_027/1/*.png|Leo|I can help you|我可以幫助你|我 幫忙 可以
Leo_I_can_help_you_028|Leo_I_can_help_you_028/1/*.png|Leo|I can help you|我可以幫助你|我 幫忙 可以
Leo_I_can_help_you_029|Leo_I_can_help_you_029/1/*.png|Leo|I can help you|我可以幫助你|我 幫忙 可以
Leo_I_can_help_you_030|Leo_I_can_help_you_030/1/*.png|Leo|I can help you|我可以幫助你|我 幫忙 可以
Leo_I_can_help_you_031|Leo_I_can_help_you_031/1/*.png|Leo|I can help you|我可以幫助你|我 幫忙 可以
Leo_I_can_help_you_032|Leo_I_can_help_you_032/1/*.png|Leo|I can help you|我可以幫助你|我 幫忙 可以
Leo_I_can_help_you_033|Leo_I_can_help_you_033/1/*.png|Leo|I can help you|我可以幫助你|我 幫忙 可以
Leo_I_can_help_you_034|Leo_I_can_help_you_034/1/*.png|Leo|I can help you|我可以幫助你|我 幫忙 可以
Leo_I_can_help_you_035|Leo_I_can_help_you_035/1/*.png|Leo|I can help you|我可以幫助你|我 幫忙 可以
Alex_I_can_t_hear_001|Alex_I_can_t_hear_001/1/*.png|Alex|I can't hear|我聽不到|我 聽不到
Alex_I_can_t_hear_002|Alex_I_can_t_hear_002/1/*.png|Alex|I can't hear|我聽不到|我 聽不到
Alex_I_can_t_hear_003|Alex_I_can_t_hear_003/1/*.png|Alex|I can't hear|我聽不到|我 聽不到
Alex_I_can_t_hear_004|Alex_I_can_t_hear_004/1/*.png|Alex|I can't hear|我聽不到|我 聽不到
Alex_I_can_t_hear_005|Alex_I_can_t_hear_005/1/*.png|Alex|I can't hear|我聽不到|我 聽不到
Alex_I_can_t_hear_006|Alex_I_can_t_hear_006/1/*.png|Alex|I can't hear|我聽不到|我 聽不到
Alex_I_can_t_hear_007|Alex_I_can_t_hear_007/1/*.png|Alex|I can't hear|我聽不到|我 聽不到
Alex_I_can_t_hear_008|Alex_I_can_t_hear_008/1/*.png|Alex|I can't hear|我聽不到|我 聽不到
Alex_I_can_t_hear_009|Alex_I_can_t_hear_009/1/*.png|Alex|I can't hear|我聽不到|我 聽不到
Alex_I_can_t_hear_010|Alex_I_can_t_hear_010/1/*.png|Alex|I can't hear|我聽不到|我 聽不到
Alex_I_can_t_hear_011|Alex_I_can_t_hear_011/1/*.png|Alex|I can't hear|我聽不到|我 聽不到
Alex_I_can_t_hear_012|Alex_I_can_t_hear_012/1/*.png|Alex|I can't hear|我聽不到|我 聽不到
Alex_I_can_t_hear_013|Alex_I_can_t_hear_013/1/*.png|Alex|I can't hear|我聽不到|我 聽不到
Alex_I_can_t_hear_014|Alex_I_can_t_hear_014/1/*.png|Alex|I can't hear|我聽不到|我 聽不到
Alex_I_can_t_hear_015|Alex_I_can_t_hear_015/1/*.png|Alex|I can't hear|我聽不到|我 聽不到
Alex_I_can_t_hear_016|Alex_I_can_t_hear_016/1/*.png|Alex|I can't hear|我聽不到|我 聽不到
Alex_I_can_t_hear_017|Alex_I_can_t_hear_017/1/*.png|Alex|I can't hear|我聽不到|我 聽不到
Alex_I_can_t_hear_018|Alex_I_can_t_hear_018/1/*.png|Alex|I can't hear|我聽不到|我 聽不到
Alex_I_can_t_hear_019|Alex_I_can_t_hear_019/1/*.png|Alex|I can't hear|我聽不到|我 聽不到
Alex_I_can_t_hear_020|Alex_I_can_t_hear_020/1/*.png|Alex|I can't hear|我聽不到|我 聽不到
Alex_I_can_t_hear_021|Alex_I_can_t_hear_021/1/*.png|Alex|I can't hear|我聽不到|我 聽不到
Alex_I_can_t_hear_022|Alex_I_can_t_hear_022/1/*.png|Alex|I can't hear|我聽不到|我 聽不到
Alex_I_can_t_hear_023|Alex_I_can_t_hear_023/1/*.png|Alex|I can't hear|我聽不到|我 聽不到
Alex_I_can_t_hear_024|Alex_I_can_t_hear_024/1/*.png|Alex|I can't hear|我聽不到|我 聽不到
Alex_I_can_t_hear_025|Alex_I_can_t_hear_025/1/*.png|Alex|I can't hear|我聽不到|我 聽不到
Alex_I_can_t_hear_026|Alex_I_can_t_hear_026/1/*.png|Alex|I can't hear|我聽不到|我 聽不到
Alex_I_can_t_hear_027|Alex_I_can_t_hear_027/1/*.png|Alex|I can't hear|我聽不到|我 聽不到
Alex_I_can_t_hear_028|Alex_I_can_t_hear_028/1/*.png|Alex|I can't hear|我聽不到|我 聽不到
Alex_I_can_t_hear_029|Alex_I_can_t_hear_029/1/*.png|Alex|I can't hear|我聽不到|我 聽不到
Alex_I_can_t_hear_030|Alex_I_can_t_hear_030/1/*.png|Alex|I can't hear|我聽不到|我 聽不到
Alex_I_can_t_hear_031|Alex_I_can_t_hear_031/1/*.png|Alex|I can't hear|我聽不到|我 聽不到
Alex_I_can_t_hear_032|Alex_I_can_t_hear_032/1/*.png|Alex|I can't hear|我聽不到|我 聽不到
Alex_I_can_t_hear_033|Alex_I_can_t_hear_033/1/*.png|Alex|I can't hear|我聽不到|我 聽不到
Alex_I_can_t_hear_034|Alex_I_can_t_hear_034/1/*.png|Alex|I can't hear|我聽不到|我 聽不到
Alex_I_can_t_hear_035|Alex_I_can_t_hear_035/1/*.png|Alex|I can't hear|我聽不到|我 聽不到
Auther_I_can_t_hear_001|Auther_I_can_t_hear_001/1/*.png|Auther|I can't hear|我聽不到|我 聽不到
Auther_I_can_t_hear_002|Auther_I_can_t_hear_002/1/*.png|Auther|I can't hear|我聽不到|我 聽不到
Auther_I_can_t_hear_003|Auther_I_can_t_hear_003/1/*.png|Auther|I can't hear|我聽不到|我 聽不到
Auther_I_can_t_hear_004|Auther_I_can_t_hear_004/1/*.png|Auther|I can't hear|我聽不到|我 聽不到
Auther_I_can_t_hear_005|Auther_I_can_t_hear_005/1/*.png|Auther|I can't hear|我聽不到|我 聽不到
Auther_I_can_t_hear_006|Auther_I_can_t_hear_006/1/*.png|Auther|I can't hear|我聽不到|我 聽不到
Auther_I_can_t_hear_007|Auther_I_can_t_hear_007/1/*.png|Auther|I can't hear|我聽不到|我 聽不到
Auther_I_can_t_hear_008|Auther_I_can_t_hear_008/1/*.png|Auther|I can't hear|我聽不到|我 聽不到
Auther_I_can_t_hear_009|Auther_I_can_t_hear_009/1/*.png|Auther|I can't hear|我聽不到|我 聽不到
Auther_I_can_t_hear_010|Auther_I_can_t_hear_010/1/*.png|Auther|I can't hear|我聽不到|我 聽不到
Auther_I_can_t_hear_011|Auther_I_can_t_hear_011/1/*.png|Auther|I can't hear|我聽不到|我 聽不到
Auther_I_can_t_hear_012|Auther_I_can_t_hear_012/1/*.png|Auther|I can't hear|我聽不到|我 聽不到
Auther_I_can_t_hear_013|Auther_I_can_t_hear_013/1/*.png|Auther|I can't hear|我聽不到|我 聽不到
Auther_I_can_t_hear_014|Auther_I_can_t_hear_014/1/*.png|Auther|I can't hear|我聽不到|我 聽不到
Auther_I_can_t_hear_015|Auther_I_can_t_hear_015/1/*.png|Auther|I can't hear|我聽不到|我 聽不到
Auther_I_can_t_hear_016|Auther_I_can_t_hear_016/1/*.png|Auther|I can't hear|我聽不到|我 聽不到
Auther_I_can_t_hear_017|Auther_I_can_t_hear_017/1/*.png|Auther|I can't hear|我聽不到|我 聽不到
Auther_I_can_t_hear_018|Auther_I_can_t_hear_018/1/*.png|Auther|I can't hear|我聽不到|我 聽不到
Auther_I_can_t_hear_019|Auther_I_can_t_hear_019/1/*.png|Auther|I can't hear|我聽不到|我 聽不到
Auther_I_can_t_hear_020|Auther_I_can_t_hear_020/1/*.png|Auther|I can't hear|我聽不到|我 聽不到
Auther_I_can_t_hear_021|Auther_I_can_t_hear_021/1/*.png|Auther|I can't hear|我聽不到|我 聽不到
Auther_I_can_t_hear_022|Auther_I_can_t_hear_022/1/*.png|Auther|I can't hear|我聽不到|我 聽不到
Auther_I_can_t_hear_023|Auther_I_can_t_hear_023/1/*.png|Auther|I can't hear|我聽不到|我 聽不到
Auther_I_can_t_hear_024|Auther_I_can_t_hear_024/1/*.png|Auther|I can't hear|我聽不到|我 聽不到
Auther_I_can_t_hear_025|Auther_I_can_t_hear_025/1/*.png|Auther|I can't hear|我聽不到|我 聽不到
Auther_I_can_t_hear_026|Auther_I_can_t_hear_026/1/*.png|Auther|I can't hear|我聽不到|我 聽不到
Auther_I_can_t_hear_027|Auther_I_can_t_hear_027/1/*.png|Auther|I can't hear|我聽不到|我 聽不到
Auther_I_can_t_hear_028|Auther_I_can_t_hear_028/1/*.png|Auther|I can't hear|我聽不到|我 聽不到
Auther_I_can_t_hear_029|Auther_I_can_t_hear_029/1/*.png|Auther|I can't hear|我聽不到|我 聽不到
Auther_I_can_t_hear_030|Auther_I_can_t_hear_030/1/*.png|Auther|I can't hear|我聽不到|我 聽不到
Auther_I_can_t_hear_031|Auther_I_can_t_hear_031/1/*.png|Auther|I can't hear|我聽不到|我 聽不到
Auther_I_can_t_hear_032|Auther_I_can_t_hear_032/1/*.png|Auther|I can't hear|我聽不到|我 聽不到
Auther_I_can_t_hear_033|Auther_I_can_t_hear_033/1/*.png|Auther|I can't hear|我聽不到|我 聽不到
Auther_I_can_t_hear_034|Auther_I_can_t_hear_034/1/*.png|Auther|I can't hear|我聽不到|我 聽不到
Auther_I_can_t_hear_035|Auther_I_can_t_hear_035/1/*.png|Auther|I can't hear|我聽不到|我 聽不到
David_I_can_t_hear_001|David_I_can_t_hear_001/1/*.png|David|I can't hear|我聽不到|我 聽不到
David_I_can_t_hear_002|David_I_can_t_hear_002/1/*.png|David|I can't hear|我聽不到|我 聽不到
David_I_can_t_hear_003|David_I_can_t_hear_003/1/*.png|David|I can't hear|我聽不到|我 聽不到
David_I_can_t_hear_004|David_I_can_t_hear_004/1/*.png|David|I can't hear|我聽不到|我 聽不到
David_I_can_t_hear_005|David_I_can_t_hear_005/1/*.png|David|I can't hear|我聽不到|我 聽不到
David_I_can_t_hear_006|David_I_can_t_hear_006/1/*.png|David|I can't hear|我聽不到|我 聽不到
David_I_can_t_hear_007|David_I_can_t_hear_007/1/*.png|David|I can't hear|我聽不到|我 聽不到
David_I_can_t_hear_008|David_I_can_t_hear_008/1/*.png|David|I can't hear|我聽不到|我 聽不到
David_I_can_t_hear_009|David_I_can_t_hear_009/1/*.png|David|I can't hear|我聽不到|我 聽不到
David_I_can_t_hear_010|David_I_can_t_hear_010/1/*.png|David|I can't hear|我聽不到|我 聽不到
David_I_can_t_hear_011|David_I_can_t_hear_011/1/*.png|David|I can't hear|我聽不到|我 聽不到
David_I_can_t_hear_012|David_I_can_t_hear_012/1/*.png|David|I can't hear|我聽不到|我 聽不到
David_I_can_t_hear_013|David_I_can_t_hear_013/1/*.png|David|I can't hear|我聽不到|我 聽不到
David_I_can_t_hear_014|David_I_can_t_hear_014/1/*.png|David|I can't hear|我聽不到|我 聽不到
David_I_can_t_hear_015|David_I_can_t_hear_015/1/*.png|David|I can't hear|我聽不到|我 聽不到
David_I_can_t_hear_016|David_I_can_t_hear_016/1/*.png|David|I can't hear|我聽不到|我 聽不到
David_I_can_t_hear_017|David_I_can_t_hear_017/1/*.png|David|I can't hear|我聽不到|我 聽不到
David_I_can_t_hear_018|David_I_can_t_hear_018/1/*.png|David|I can't hear|我聽不到|我 聽不到
David_I_can_t_hear_019|David_I_can_t_hear_019/1/*.png|David|I can't hear|我聽不到|我 聽不到
David_I_can_t_hear_020|David_I_can_t_hear_020/1/*.png|David|I can't hear|我聽不到|我 聽不到
David_I_can_t_hear_021|David_I_can_t_hear_021/1/*.png|David|I can't hear|我聽不到|我 聽不到
David_I_can_t_hear_022|David_I_can_t_hear_022/1/*.png|David|I can't hear|我聽不到|我 聽不到
David_I_can_t_hear_023|David_I_can_t_hear_023/1/*.png|David|I can't hear|我聽不到|我 聽不到
David_I_can_t_hear_024|David_I_can_t_hear_024/1/*.png|David|I can't hear|我聽不到|我 聽不到
David_I_can_t_hear_025|David_I_can_t_hear_025/1/*.png|David|I can't hear|我聽不到|我 聽不到
David_I_can_t_hear_026|David_I_can_t_hear_026/1/*.png|David|I can't hear|我聽不到|我 聽不到
David_I_can_t_hear_027|David_I_can_t_hear_027/1/*.png|David|I can't hear|我聽不到|我 聽不到
David_I_can_t_hear_028|David_I_can_t_hear_028/1/*.png|David|I can't hear|我聽不到|我 聽不到
David_I_can_t_hear_029|David_I_can_t_hear_029/1/*.png|David|I can't hear|我聽不到|我 聽不到
David_I_can_t_hear_030|David_I_can_t_hear_030/1/*.png|David|I can't hear|我聽不到|我 聽不到
David_I_can_t_hear_031|David_I_can_t_hear_031/1/*.png|David|I can't hear|我聽不到|我 聽不到
David_I_can_t_hear_032|David_I_can_t_hear_032/1/*.png|David|I can't hear|我聽不到|我 聽不到
David_I_can_t_hear_033|David_I_can_t_hear_033/1/*.png|David|I can't hear|我聽不到|我 聽不到
David_I_can_t_hear_034|David_I_can_t_hear_034/1/*.png|David|I can't hear|我聽不到|我 聽不到
David_I_can_t_hear_035|David_I_can_t_hear_035/1/*.png|David|I can't hear|我聽不到|我 聽不到
Jerry_I_can_t_hear_001|Jerry_I_can_t_hear_001/1/*.png|Jerry|I can't hear|我聽不到|我 聽不到
Jerry_I_can_t_hear_002|Jerry_I_can_t_hear_002/1/*.png|Jerry|I can't hear|我聽不到|我 聽不到
Jerry_I_can_t_hear_003|Jerry_I_can_t_hear_003/1/*.png|Jerry|I can't hear|我聽不到|我 聽不到
Jerry_I_can_t_hear_004|Jerry_I_can_t_hear_004/1/*.png|Jerry|I can't hear|我聽不到|我 聽不到
Jerry_I_can_t_hear_005|Jerry_I_can_t_hear_005/1/*.png|Jerry|I can't hear|我聽不到|我 聽不到
Jerry_I_can_t_hear_006|Jerry_I_can_t_hear_006/1/*.png|Jerry|I can't hear|我聽不到|我 聽不到
Jerry_I_can_t_hear_007|Jerry_I_can_t_hear_007/1/*.png|Jerry|I can't hear|我聽不到|我 聽不到
Jerry_I_can_t_hear_008|Jerry_I_can_t_hear_008/1/*.png|Jerry|I can't hear|我聽不到|我 聽不到
Jerry_I_can_t_hear_009|Jerry_I_can_t_hear_009/1/*.png|Jerry|I can't hear|我聽不到|我 聽不到
Jerry_I_can_t_hear_010|Jerry_I_can_t_hear_010/1/*.png|Jerry|I can't hear|我聽不到|我 聽不到
Jerry_I_can_t_hear_011|Jerry_I_can_t_hear_011/1/*.png|Jerry|I can't hear|我聽不到|我 聽不到
Jerry_I_can_t_hear_012|Jerry_I_can_t_hear_012/1/*.png|Jerry|I can't hear|我聽不到|我 聽不到
Jerry_I_can_t_hear_013|Jerry_I_can_t_hear_013/1/*.png|Jerry|I can't hear|我聽不到|我 聽不到
Jerry_I_can_t_hear_014|Jerry_I_can_t_hear_014/1/*.png|Jerry|I can't hear|我聽不到|我 聽不到
Jerry_I_can_t_hear_015|Jerry_I_can_t_hear_015/1/*.png|Jerry|I can't hear|我聽不到|我 聽不到
Jerry_I_can_t_hear_016|Jerry_I_can_t_hear_016/1/*.png|Jerry|I can't hear|我聽不到|我 聽不到
Jerry_I_can_t_hear_017|Jerry_I_can_t_hear_017/1/*.png|Jerry|I can't hear|我聽不到|我 聽不到
Jerry_I_can_t_hear_018|Jerry_I_can_t_hear_018/1/*.png|Jerry|I can't hear|我聽不到|我 聽不到
Jerry_I_can_t_hear_019|Jerry_I_can_t_hear_019/1/*.png|Jerry|I can't hear|我聽不到|我 聽不到
Jerry_I_can_t_hear_020|Jerry_I_can_t_hear_020/1/*.png|Jerry|I can't hear|我聽不到|我 聽不到
Jerry_I_can_t_hear_021|Jerry_I_can_t_hear_021/1/*.png|Jerry|I can't hear|我聽不到|我 聽不到
Jerry_I_can_t_hear_022|Jerry_I_can_t_hear_022/1/*.png|Jerry|I can't hear|我聽不到|我 聽不到
Jerry_I_can_t_hear_023|Jerry_I_can_t_hear_023/1/*.png|Jerry|I can't hear|我聽不到|我 聽不到
Jerry_I_can_t_hear_024|Jerry_I_can_t_hear_024/1/*.png|Jerry|I can't hear|我聽不到|我 聽不到
Jerry_I_can_t_hear_025|Jerry_I_can_t_hear_025/1/*.png|Jerry|I can't hear|我聽不到|我 聽不到
Jerry_I_can_t_hear_026|Jerry_I_can_t_hear_026/1/*.png|Jerry|I can't hear|我聽不到|我 聽不到
Jerry_I_can_t_hear_027|Jerry_I_can_t_hear_027/1/*.png|Jerry|I can't hear|我聽不到|我 聽不到
Jerry_I_can_t_hear_028|Jerry_I_can_t_hear_028/1/*.png|Jerry|I can't hear|我聽不到|我 聽不到
Jerry_I_can_t_hear_029|Jerry_I_can_t_hear_029/1/*.png|Jerry|I can't hear|我聽不到|我 聽不到
Jerry_I_can_t_hear_030|Jerry_I_can_t_hear_030/1/*.png|Jerry|I can't hear|我聽不到|我 聽不到
Jerry_I_can_t_hear_031|Jerry_I_can_t_hear_031/1/*.png|Jerry|I can't hear|我聽不到|我 聽不到
Jerry_I_can_t_hear_032|Jerry_I_can_t_hear_032/1/*.png|Jerry|I can't hear|我聽不到|我 聽不到
Jerry_I_can_t_hear_033|Jerry_I_can_t_hear_033/1/*.png|Jerry|I can't hear|我聽不到|我 聽不到
Jerry_I_can_t_hear_034|Jerry_I_can_t_hear_034/1/*.png|Jerry|I can't hear|我聽不到|我 聽不到
Jerry_I_can_t_hear_035|Jerry_I_can_t_hear_035/1/*.png|Jerry|I can't hear|我聽不到|我 聽不到
Leo_I_can_t_hear_001|Leo_I_can_t_hear_001/1/*.png|Leo|I can't hear|我聽不到|我 聽不到
Leo_I_can_t_hear_002|Leo_I_can_t_hear_002/1/*.png|Leo|I can't hear|我聽不到|我 聽不到
Leo_I_can_t_hear_003|Leo_I_can_t_hear_003/1/*.png|Leo|I can't hear|我聽不到|我 聽不到
Leo_I_can_t_hear_004|Leo_I_can_t_hear_004/1/*.png|Leo|I can't hear|我聽不到|我 聽不到
Leo_I_can_t_hear_005|Leo_I_can_t_hear_005/1/*.png|Leo|I can't hear|我聽不到|我 聽不到
Leo_I_can_t_hear_006|Leo_I_can_t_hear_006/1/*.png|Leo|I can't hear|我聽不到|我 聽不到
Leo_I_can_t_hear_007|Leo_I_can_t_hear_007/1/*.png|Leo|I can't hear|我聽不到|我 聽不到
Leo_I_can_t_hear_008|Leo_I_can_t_hear_008/1/*.png|Leo|I can't hear|我聽不到|我 聽不到
Leo_I_can_t_hear_009|Leo_I_can_t_hear_009/1/*.png|Leo|I can't hear|我聽不到|我 聽不到
Leo_I_can_t_hear_010|Leo_I_can_t_hear_010/1/*.png|Leo|I can't hear|我聽不到|我 聽不到
Leo_I_can_t_hear_011|Leo_I_can_t_hear_011/1/*.png|Leo|I can't hear|我聽不到|我 聽不到
Leo_I_can_t_hear_012|Leo_I_can_t_hear_012/1/*.png|Leo|I can't hear|我聽不到|我 聽不到
Leo_I_can_t_hear_013|Leo_I_can_t_hear_013/1/*.png|Leo|I can't hear|我聽不到|我 聽不到
Leo_I_can_t_hear_014|Leo_I_can_t_hear_014/1/*.png|Leo|I can't hear|我聽不到|我 聽不到
Leo_I_can_t_hear_015|Leo_I_can_t_hear_015/1/*.png|Leo|I can't hear|我聽不到|我 聽不到
Leo_I_can_t_hear_016|Leo_I_can_t_hear_016/1/*.png|Leo|I can't hear|我聽不到|我 聽不到
Leo_I_can_t_hear_017|Leo_I_can_t_hear_017/1/*.png|Leo|I can't hear|我聽不到|我 聽不到
Leo_I_can_t_hear_018|Leo_I_can_t_hear_018/1/*.png|Leo|I can't hear|我聽不到|我 聽不到
Leo_I_can_t_hear_019|Leo_I_can_t_hear_019/1/*.png|Leo|I can't hear|我聽不到|我 聽不到
Leo_I_can_t_hear_020|Leo_I_can_t_hear_020/1/*.png|Leo|I can't hear|我聽不到|我 聽不到
Leo_I_can_t_hear_021|Leo_I_can_t_hear_021/1/*.png|Leo|I can't hear|我聽不到|我 聽不到
Leo_I_can_t_hear_022|Leo_I_can_t_hear_022/1/*.png|Leo|I can't hear|我聽不到|我 聽不到
Leo_I_can_t_hear_023|Leo_I_can_t_hear_023/1/*.png|Leo|I can't hear|我聽不到|我 聽不到
Leo_I_can_t_hear_024|Leo_I_can_t_hear_024/1/*.png|Leo|I can't hear|我聽不到|我 聽不到
Leo_I_can_t_hear_025|Leo_I_can_t_hear_025/1/*.png|Leo|I can't hear|我聽不到|我 聽不到
Leo_I_can_t_hear_026|Leo_I_can_t_hear_026/1/*.png|Leo|I can't hear|我聽不到|我 聽不到
Leo_I_can_t_hear_027|Leo_I_can_t_hear_027/1/*.png|Leo|I can't hear|我聽不到|我 聽不到
Leo_I_can_t_hear_028|Leo_I_can_t_hear_028/1/*.png|Leo|I can't hear|我聽不到|我 聽不到
Leo_I_can_t_hear_029|Leo_I_can_t_hear_029/1/*.png|Leo|I can't hear|我聽不到|我 聽不到
Leo_I_can_t_hear_030|Leo_I_can_t_hear_030/1/*.png|Leo|I can't hear|我聽不到|我 聽不到
Leo_I_can_t_hear_031|Leo_I_can_t_hear_031/1/*.png|Leo|I can't hear|我聽不到|我 聽不到
Leo_I_can_t_hear_032|Leo_I_can_t_hear_032/1/*.png|Leo|I can't hear|我聽不到|我 聽不到
Leo_I_can_t_hear_033|Leo_I_can_t_hear_033/1/*.png|Leo|I can't hear|我聽不到|我 聽不到
Leo_I_can_t_hear_034|Leo_I_can_t_hear_034/1/*.png|Leo|I can't hear|我聽不到|我 聽不到
Leo_I_can_t_hear_035|Leo_I_can_t_hear_035/1/*.png|Leo|I can't hear|我聽不到|我 聽不到
Alex_I_don_t_have_a_job_001|Alex_I_don_t_have_a_job_001/1/*.png|Alex|I don't have a job|我沒有工作|我 工作 沒有
Alex_I_don_t_have_a_job_002|Alex_I_don_t_have_a_job_002/1/*.png|Alex|I don't have a job|我沒有工作|我 工作 沒有
Alex_I_don_t_have_a_job_003|Alex_I_don_t_have_a_job_003/1/*.png|Alex|I don't have a job|我沒有工作|我 工作 沒有
Alex_I_don_t_have_a_job_004|Alex_I_don_t_have_a_job_004/1/*.png|Alex|I don't have a job|我沒有工作|我 工作 沒有
Alex_I_don_t_have_a_job_005|Alex_I_don_t_have_a_job_005/1/*.png|Alex|I don't have a job|我沒有工作|我 工作 沒有
Alex_I_don_t_have_a_job_006|Alex_I_don_t_have_a_job_006/1/*.png|Alex|I don't have a job|我沒有工作|我 工作 沒有
Alex_I_don_t_have_a_job_007|Alex_I_don_t_have_a_job_007/1/*.png|Alex|I don't have a job|我沒有工作|我 工作 沒有
Alex_I_don_t_have_a_job_008|Alex_I_don_t_have_a_job_008/1/*.png|Alex|I don't have a job|我沒有工作|我 工作 沒有
Alex_I_don_t_have_a_job_009|Alex_I_don_t_have_a_job_009/1/*.png|Alex|I don't have a job|我沒有工作|我 工作 沒有
Alex_I_don_t_have_a_job_010|Alex_I_don_t_have_a_job_010/1/*.png|Alex|I don't have a job|我沒有工作|我 工作 沒有
Alex_I_don_t_have_a_job_011|Alex_I_don_t_have_a_job_011/1/*.png|Alex|I don't have a job|我沒有工作|我 工作 沒有
Alex_I_don_t_have_a_job_012|Alex_I_don_t_have_a_job_012/1/*.png|Alex|I don't have a job|我沒有工作|我 工作 沒有
Alex_I_don_t_have_a_job_013|Alex_I_don_t_have_a_job_013/1/*.png|Alex|I don't have a job|我沒有工作|我 工作 沒有
Alex_I_don_t_have_a_job_014|Alex_I_don_t_have_a_job_014/1/*.png|Alex|I don't have a job|我沒有工作|我 工作 沒有
Alex_I_don_t_have_a_job_015|Alex_I_don_t_have_a_job_015/1/*.png|Alex|I don't have a job|我沒有工作|我 工作 沒有
Alex_I_don_t_have_a_job_016|Alex_I_don_t_have_a_job_016/1/*.png|Alex|I don't have a job|我沒有工作|我 工作 沒有
Alex_I_don_t_have_a_job_017|Alex_I_don_t_have_a_job_017/1/*.png|Alex|I don't have a job|我沒有工作|我 工作 沒有
Alex_I_don_t_have_a_job_018|Alex_I_don_t_have_a_job_018/1/*.png|Alex|I don't have a job|我沒有工作|我 工作 沒有
Alex_I_don_t_have_a_job_019|Alex_I_don_t_have_a_job_019/1/*.png|Alex|I don't have a job|我沒有工作|我 工作 沒有
Alex_I_don_t_have_a_job_020|Alex_I_don_t_have_a_job_020/1/*.png|Alex|I don't have a job|我沒有工作|我 工作 沒有
Alex_I_don_t_have_a_job_021|Alex_I_don_t_have_a_job_021/1/*.png|Alex|I don't have a job|我沒有工作|我 工作 沒有
Alex_I_don_t_have_a_job_022|Alex_I_don_t_have_a_job_022/1/*.png|Alex|I don't have a job|我沒有工作|我 工作 沒有
Alex_I_don_t_have_a_job_023|Alex_I_don_t_have_a_job_023/1/*.png|Alex|I don't have a job|我沒有工作|我 工作 沒有
Alex_I_don_t_have_a_job_024|Alex_I_don_t_have_a_job_024/1/*.png|Alex|I don't have a job|我沒有工作|我 工作 沒有
Alex_I_don_t_have_a_job_025|Alex_I_don_t_have_a_job_025/1/*.png|Alex|I don't have a job|我沒有工作|我 工作 沒有
Alex_I_don_t_have_a_job_026|Alex_I_don_t_have_a_job_026/1/*.png|Alex|I don't have a job|我沒有工作|我 工作 沒有
Alex_I_don_t_have_a_job_027|Alex_I_don_t_have_a_job_027/1/*.png|Alex|I don't have a job|我沒有工作|我 工作 沒有
Alex_I_don_t_have_a_job_028|Alex_I_don_t_have_a_job_028/1/*.png|Alex|I don't have a job|我沒有工作|我 工作 沒有
Alex_I_don_t_have_a_job_029|Alex_I_don_t_have_a_job_029/1/*.png|Alex|I don't have a job|我沒有工作|我 工作 沒有
Alex_I_don_t_have_a_job_030|Alex_I_don_t_have_a_job_030/1/*.png|Alex|I don't have a job|我沒有工作|我 工作 沒有
Alex_I_don_t_have_a_job_031|Alex_I_don_t_have_a_job_031/1/*.png|Alex|I don't have a job|我沒有工作|我 工作 沒有
Alex_I_don_t_have_a_job_032|Alex_I_don_t_have_a_job_032/1/*.png|Alex|I don't have a job|我沒有工作|我 工作 沒有
Alex_I_don_t_have_a_job_033|Alex_I_don_t_have_a_job_033/1/*.png|Alex|I don't have a job|我沒有工作|我 工作 沒有
Alex_I_don_t_have_a_job_034|Alex_I_don_t_have_a_job_034/1/*.png|Alex|I don't have a job|我沒有工作|我 工作 沒有
Alex_I_don_t_have_a_job_035|Alex_I_don_t_have_a_job_035/1/*.png|Alex|I don't have a job|我沒有工作|我 工作 沒有
Auther_I_don_t_have_a_job_001|Auther_I_don_t_have_a_job_001/1/*.png|Auther|I don't have a job|我沒有工作|我 工作 沒有
Auther_I_don_t_have_a_job_002|Auther_I_don_t_have_a_job_002/1/*.png|Auther|I don't have a job|我沒有工作|我 工作 沒有
Auther_I_don_t_have_a_job_003|Auther_I_don_t_have_a_job_003/1/*.png|Auther|I don't have a job|我沒有工作|我 工作 沒有
Auther_I_don_t_have_a_job_004|Auther_I_don_t_have_a_job_004/1/*.png|Auther|I don't have a job|我沒有工作|我 工作 沒有
Auther_I_don_t_have_a_job_005|Auther_I_don_t_have_a_job_005/1/*.png|Auther|I don't have a job|我沒有工作|我 工作 沒有
Auther_I_don_t_have_a_job_006|Auther_I_don_t_have_a_job_006/1/*.png|Auther|I don't have a job|我沒有工作|我 工作 沒有
Auther_I_don_t_have_a_job_007|Auther_I_don_t_have_a_job_007/1/*.png|Auther|I don't have a job|我沒有工作|我 工作 沒有
Auther_I_don_t_have_a_job_008|Auther_I_don_t_have_a_job_008/1/*.png|Auther|I don't have a job|我沒有工作|我 工作 沒有
Auther_I_don_t_have_a_job_009|Auther_I_don_t_have_a_job_009/1/*.png|Auther|I don't have a job|我沒有工作|我 工作 沒有
Auther_I_don_t_have_a_job_010|Auther_I_don_t_have_a_job_010/1/*.png|Auther|I don't have a job|我沒有工作|我 工作 沒有
Auther_I_don_t_have_a_job_011|Auther_I_don_t_have_a_job_011/1/*.png|Auther|I don't have a job|我沒有工作|我 工作 沒有
Auther_I_don_t_have_a_job_012|Auther_I_don_t_have_a_job_012/1/*.png|Auther|I don't have a job|我沒有工作|我 工作 沒有
Auther_I_don_t_have_a_job_013|Auther_I_don_t_have_a_job_013/1/*.png|Auther|I don't have a job|我沒有工作|我 工作 沒有
Auther_I_don_t_have_a_job_014|Auther_I_don_t_have_a_job_014/1/*.png|Auther|I don't have a job|我沒有工作|我 工作 沒有
Auther_I_don_t_have_a_job_015|Auther_I_don_t_have_a_job_015/1/*.png|Auther|I don't have a job|我沒有工作|我 工作 沒有
Auther_I_don_t_have_a_job_016|Auther_I_don_t_have_a_job_016/1/*.png|Auther|I don't have a job|我沒有工作|我 工作 沒有
Auther_I_don_t_have_a_job_017|Auther_I_don_t_have_a_job_017/1/*.png|Auther|I don't have a job|我沒有工作|我 工作 沒有
Auther_I_don_t_have_a_job_018|Auther_I_don_t_have_a_job_018/1/*.png|Auther|I don't have a job|我沒有工作|我 工作 沒有
Auther_I_don_t_have_a_job_019|Auther_I_don_t_have_a_job_019/1/*.png|Auther|I don't have a job|我沒有工作|我 工作 沒有
Auther_I_don_t_have_a_job_020|Auther_I_don_t_have_a_job_020/1/*.png|Auther|I don't have a job|我沒有工作|我 工作 沒有
Auther_I_don_t_have_a_job_021|Auther_I_don_t_have_a_job_021/1/*.png|Auther|I don't have a job|我沒有工作|我 工作 沒有
Auther_I_don_t_have_a_job_022|Auther_I_don_t_have_a_job_022/1/*.png|Auther|I don't have a job|我沒有工作|我 工作 沒有
Auther_I_don_t_have_a_job_023|Auther_I_don_t_have_a_job_023/1/*.png|Auther|I don't have a job|我沒有工作|我 工作 沒有
Auther_I_don_t_have_a_job_024|Auther_I_don_t_have_a_job_024/1/*.png|Auther|I don't have a job|我沒有工作|我 工作 沒有
Auther_I_don_t_have_a_job_025|Auther_I_don_t_have_a_job_025/1/*.png|Auther|I don't have a job|我沒有工作|我 工作 沒有
Auther_I_don_t_have_a_job_026|Auther_I_don_t_have_a_job_026/1/*.png|Auther|I don't have a job|我沒有工作|我 工作 沒有
Auther_I_don_t_have_a_job_027|Auther_I_don_t_have_a_job_027/1/*.png|Auther|I don't have a job|我沒有工作|我 工作 沒有
Auther_I_don_t_have_a_job_028|Auther_I_don_t_have_a_job_028/1/*.png|Auther|I don't have a job|我沒有工作|我 工作 沒有
Auther_I_don_t_have_a_job_029|Auther_I_don_t_have_a_job_029/1/*.png|Auther|I don't have a job|我沒有工作|我 工作 沒有
Auther_I_don_t_have_a_job_030|Auther_I_don_t_have_a_job_030/1/*.png|Auther|I don't have a job|我沒有工作|我 工作 沒有
Auther_I_don_t_have_a_job_031|Auther_I_don_t_have_a_job_031/1/*.png|Auther|I don't have a job|我沒有工作|我 工作 沒有
Auther_I_don_t_have_a_job_032|Auther_I_don_t_have_a_job_032/1/*.png|Auther|I don't have a job|我沒有工作|我 工作 沒有
Auther_I_don_t_have_a_job_033|Auther_I_don_t_have_a_job_033/1/*.png|Auther|I don't have a job|我沒有工作|我 工作 沒有
Auther_I_don_t_have_a_job_034|Auther_I_don_t_have_a_job_034/1/*.png|Auther|I don't have a job|我沒有工作|我 工作 沒有
Auther_I_don_t_have_a_job_035|Auther_I_don_t_have_a_job_035/1/*.png|Auther|I don't have a job|我沒有工作|我 工作 沒有
David_I_don_t_have_a_job_001|David_I_don_t_have_a_job_001/1/*.png|David|I don't have a job|我沒有工作|我 工作 沒有
David_I_don_t_have_a_job_002|David_I_don_t_have_a_job_002/1/*.png|David|I don't have a job|我沒有工作|我 工作 沒有
David_I_don_t_have_a_job_003|David_I_don_t_have_a_job_003/1/*.png|David|I don't have a job|我沒有工作|我 工作 沒有
David_I_don_t_have_a_job_004|David_I_don_t_have_a_job_004/1/*.png|David|I don't have a job|我沒有工作|我 工作 沒有
David_I_don_t_have_a_job_005|David_I_don_t_have_a_job_005/1/*.png|David|I don't have a job|我沒有工作|我 工作 沒有
David_I_don_t_have_a_job_006|David_I_don_t_have_a_job_006/1/*.png|David|I don't have a job|我沒有工作|我 工作 沒有
David_I_don_t_have_a_job_007|David_I_don_t_have_a_job_007/1/*.png|David|I don't have a job|我沒有工作|我 工作 沒有
David_I_don_t_have_a_job_008|David_I_don_t_have_a_job_008/1/*.png|David|I don't have a job|我沒有工作|我 工作 沒有
David_I_don_t_have_a_job_009|David_I_don_t_have_a_job_009/1/*.png|David|I don't have a job|我沒有工作|我 工作 沒有
David_I_don_t_have_a_job_010|David_I_don_t_have_a_job_010/1/*.png|David|I don't have a job|我沒有工作|我 工作 沒有
David_I_don_t_have_a_job_011|David_I_don_t_have_a_job_011/1/*.png|David|I don't have a job|我沒有工作|我 工作 沒有
David_I_don_t_have_a_job_012|David_I_don_t_have_a_job_012/1/*.png|David|I don't have a job|我沒有工作|我 工作 沒有
David_I_don_t_have_a_job_013|David_I_don_t_have_a_job_013/1/*.png|David|I don't have a job|我沒有工作|我 工作 沒有
David_I_don_t_have_a_job_014|David_I_don_t_have_a_job_014/1/*.png|David|I don't have a job|我沒有工作|我 工作 沒有
David_I_don_t_have_a_job_015|David_I_don_t_have_a_job_015/1/*.png|David|I don't have a job|我沒有工作|我 工作 沒有
David_I_don_t_have_a_job_016|David_I_don_t_have_a_job_016/1/*.png|David|I don't have a job|我沒有工作|我 工作 沒有
David_I_don_t_have_a_job_017|David_I_don_t_have_a_job_017/1/*.png|David|I don't have a job|我沒有工作|我 工作 沒有
David_I_don_t_have_a_job_018|David_I_don_t_have_a_job_018/1/*.png|David|I don't have a job|我沒有工作|我 工作 沒有
David_I_don_t_have_a_job_019|David_I_don_t_have_a_job_019/1/*.png|David|I don't have a job|我沒有工作|我 工作 沒有
David_I_don_t_have_a_job_020|David_I_don_t_have_a_job_020/1/*.png|David|I don't have a job|我沒有工作|我 工作 沒有
David_I_don_t_have_a_job_021|David_I_don_t_have_a_job_021/1/*.png|David|I don't have a job|我沒有工作|我 工作 沒有
David_I_don_t_have_a_job_022|David_I_don_t_have_a_job_022/1/*.png|David|I don't have a job|我沒有工作|我 工作 沒有
David_I_don_t_have_a_job_023|David_I_don_t_have_a_job_023/1/*.png|David|I don't have a job|我沒有工作|我 工作 沒有
David_I_don_t_have_a_job_024|David_I_don_t_have_a_job_024/1/*.png|David|I don't have a job|我沒有工作|我 工作 沒有
David_I_don_t_have_a_job_025|David_I_don_t_have_a_job_025/1/*.png|David|I don't have a job|我沒有工作|我 工作 沒有
David_I_don_t_have_a_job_026|David_I_don_t_have_a_job_026/1/*.png|David|I don't have a job|我沒有工作|我 工作 沒有
David_I_don_t_have_a_job_027|David_I_don_t_have_a_job_027/1/*.png|David|I don't have a job|我沒有工作|我 工作 沒有
David_I_don_t_have_a_job_028|David_I_don_t_have_a_job_028/1/*.png|David|I don't have a job|我沒有工作|我 工作 沒有
David_I_don_t_have_a_job_029|David_I_don_t_have_a_job_029/1/*.png|David|I don't have a job|我沒有工作|我 工作 沒有
David_I_don_t_have_a_job_030|David_I_don_t_have_a_job_030/1/*.png|David|I don't have a job|我沒有工作|我 工作 沒有
David_I_don_t_have_a_job_031|David_I_don_t_have_a_job_031/1/*.png|David|I don't have a job|我沒有工作|我 工作 沒有
David_I_don_t_have_a_job_032|David_I_don_t_have_a_job_032/1/*.png|David|I don't have a job|我沒有工作|我 工作 沒有
David_I_don_t_have_a_job_033|David_I_don_t_have_a_job_033/1/*.png|David|I don't have a job|我沒有工作|我 工作 沒有
David_I_don_t_have_a_job_034|David_I_don_t_have_a_job_034/1/*.png|David|I don't have a job|我沒有工作|我 工作 沒有
David_I_don_t_have_a_job_035|David_I_don_t_have_a_job_035/1/*.png|David|I don't have a job|我沒有工作|我 工作 沒有
Jerry_I_don_t_have_a_job_001|Jerry_I_don_t_have_a_job_001/1/*.png|Jerry|I don't have a job|我沒有工作|我 工作 沒有
Jerry_I_don_t_have_a_job_002|Jerry_I_don_t_have_a_job_002/1/*.png|Jerry|I don't have a job|我沒有工作|我 工作 沒有
Jerry_I_don_t_have_a_job_003|Jerry_I_don_t_have_a_job_003/1/*.png|Jerry|I don't have a job|我沒有工作|我 工作 沒有
Jerry_I_don_t_have_a_job_004|Jerry_I_don_t_have_a_job_004/1/*.png|Jerry|I don't have a job|我沒有工作|我 工作 沒有
Jerry_I_don_t_have_a_job_005|Jerry_I_don_t_have_a_job_005/1/*.png|Jerry|I don't have a job|我沒有工作|我 工作 沒有
Jerry_I_don_t_have_a_job_006|Jerry_I_don_t_have_a_job_006/1/*.png|Jerry|I don't have a job|我沒有工作|我 工作 沒有
Jerry_I_don_t_have_a_job_007|Jerry_I_don_t_have_a_job_007/1/*.png|Jerry|I don't have a job|我沒有工作|我 工作 沒有
Jerry_I_don_t_have_a_job_008|Jerry_I_don_t_have_a_job_008/1/*.png|Jerry|I don't have a job|我沒有工作|我 工作 沒有
Jerry_I_don_t_have_a_job_009|Jerry_I_don_t_have_a_job_009/1/*.png|Jerry|I don't have a job|我沒有工作|我 工作 沒有
Jerry_I_don_t_have_a_job_010|Jerry_I_don_t_have_a_job_010/1/*.png|Jerry|I don't have a job|我沒有工作|我 工作 沒有
Jerry_I_don_t_have_a_job_011|Jerry_I_don_t_have_a_job_011/1/*.png|Jerry|I don't have a job|我沒有工作|我 工作 沒有
Jerry_I_don_t_have_a_job_012|Jerry_I_don_t_have_a_job_012/1/*.png|Jerry|I don't have a job|我沒有工作|我 工作 沒有
Jerry_I_don_t_have_a_job_013|Jerry_I_don_t_have_a_job_013/1/*.png|Jerry|I don't have a job|我沒有工作|我 工作 沒有
Jerry_I_don_t_have_a_job_014|Jerry_I_don_t_have_a_job_014/1/*.png|Jerry|I don't have a job|我沒有工作|我 工作 沒有
Jerry_I_don_t_have_a_job_015|Jerry_I_don_t_have_a_job_015/1/*.png|Jerry|I don't have a job|我沒有工作|我 工作 沒有
Jerry_I_don_t_have_a_job_016|Jerry_I_don_t_have_a_job_016/1/*.png|Jerry|I don't have a job|我沒有工作|我 工作 沒有
Jerry_I_don_t_have_a_job_017|Jerry_I_don_t_have_a_job_017/1/*.png|Jerry|I don't have a job|我沒有工作|我 工作 沒有
Jerry_I_don_t_have_a_job_018|Jerry_I_don_t_have_a_job_018/1/*.png|Jerry|I don't have a job|我沒有工作|我 工作 沒有
Jerry_I_don_t_have_a_job_019|Jerry_I_don_t_have_a_job_019/1/*.png|Jerry|I don't have a job|我沒有工作|我 工作 沒有
Jerry_I_don_t_have_a_job_020|Jerry_I_don_t_have_a_job_020/1/*.png|Jerry|I don't have a job|我沒有工作|我 工作 沒有
Jerry_I_don_t_have_a_job_021|Jerry_I_don_t_have_a_job_021/1/*.png|Jerry|I don't have a job|我沒有工作|我 工作 沒有
Jerry_I_don_t_have_a_job_022|Jerry_I_don_t_have_a_job_022/1/*.png|Jerry|I don't have a job|我沒有工作|我 工作 沒有
Jerry_I_don_t_have_a_job_023|Jerry_I_don_t_have_a_job_023/1/*.png|Jerry|I don't have a job|我沒有工作|我 工作 沒有
Jerry_I_don_t_have_a_job_024|Jerry_I_don_t_have_a_job_024/1/*.png|Jerry|I don't have a job|我沒有工作|我 工作 沒有
Jerry_I_don_t_have_a_job_025|Jerry_I_don_t_have_a_job_025/1/*.png|Jerry|I don't have a job|我沒有工作|我 工作 沒有
Jerry_I_don_t_have_a_job_026|Jerry_I_don_t_have_a_job_026/1/*.png|Jerry|I don't have a job|我沒有工作|我 工作 沒有
Jerry_I_don_t_have_a_job_027|Jerry_I_don_t_have_a_job_027/1/*.png|Jerry|I don't have a job|我沒有工作|我 工作 沒有
Jerry_I_don_t_have_a_job_028|Jerry_I_don_t_have_a_job_028/1/*.png|Jerry|I don't have a job|我沒有工作|我 工作 沒有
Jerry_I_don_t_have_a_job_029|Jerry_I_don_t_have_a_job_029/1/*.png|Jerry|I don't have a job|我沒有工作|我 工作 沒有
Jerry_I_don_t_have_a_job_030|Jerry_I_don_t_have_a_job_030/1/*.png|Jerry|I don't have a job|我沒有工作|我 工作 沒有
Jerry_I_don_t_have_a_job_031|Jerry_I_don_t_have_a_job_031/1/*.png|Jerry|I don't have a job|我沒有工作|我 工作 沒有
Jerry_I_don_t_have_a_job_032|Jerry_I_don_t_have_a_job_032/1/*.png|Jerry|I don't have a job|我沒有工作|我 工作 沒有
Jerry_I_don_t_have_a_job_033|Jerry_I_don_t_have_a_job_033/1/*.png|Jerry|I don't have a job|我沒有工作|我 工作 沒有
Jerry_I_don_t_have_a_job_034|Jerry_I_don_t_have_a_job_034/1/*.png|Jerry|I don't have a job|我沒有工作|我 工作 沒有
Jerry_I_don_t_have_a_job_035|Jerry_I_don_t_have_a_job_035/1/*.png|Jerry|I don't have a job|我沒有工作|我 工作 沒有
Leo_I_don_t_have_a_job_001|Leo_I_don_t_have_a_job_001/1/*.png|Leo|I don't have a job|我沒有工作|我 工作 沒有
Leo_I_don_t_have_a_job_002|Leo_I_don_t_have_a_job_002/1/*.png|Leo|I don't have a job|我沒有工作|我 工作 沒有
Leo_I_don_t_have_a_job_003|Leo_I_don_t_have_a_job_003/1/*.png|Leo|I don't have a job|我沒有工作|我 工作 沒有
Leo_I_don_t_have_a_job_004|Leo_I_don_t_have_a_job_004/1/*.png|Leo|I don't have a job|我沒有工作|我 工作 沒有
Leo_I_don_t_have_a_job_005|Leo_I_don_t_have_a_job_005/1/*.png|Leo|I don't have a job|我沒有工作|我 工作 沒有
Leo_I_don_t_have_a_job_006|Leo_I_don_t_have_a_job_006/1/*.png|Leo|I don't have a job|我沒有工作|我 工作 沒有
Leo_I_don_t_have_a_job_007|Leo_I_don_t_have_a_job_007/1/*.png|Leo|I don't have a job|我沒有工作|我 工作 沒有
Leo_I_don_t_have_a_job_008|Leo_I_don_t_have_a_job_008/1/*.png|Leo|I don't have a job|我沒有工作|我 工作 沒有
Leo_I_don_t_have_a_job_009|Leo_I_don_t_have_a_job_009/1/*.png|Leo|I don't have a job|我沒有工作|我 工作 沒有
Leo_I_don_t_have_a_job_010|Leo_I_don_t_have_a_job_010/1/*.png|Leo|I don't have a job|我沒有工作|我 工作 沒有
Leo_I_don_t_have_a_job_011|Leo_I_don_t_have_a_job_011/1/*.png|Leo|I don't have a job|我沒有工作|我 工作 沒有
Leo_I_don_t_have_a_job_012|Leo_I_don_t_have_a_job_012/1/*.png|Leo|I don't have a job|我沒有工作|我 工作 沒有
Leo_I_don_t_have_a_job_013|Leo_I_don_t_have_a_job_013/1/*.png|Leo|I don't have a job|我沒有工作|我 工作 沒有
Leo_I_don_t_have_a_job_014|Leo_I_don_t_have_a_job_014/1/*.png|Leo|I don't have a job|我沒有工作|我 工作 沒有
Leo_I_don_t_have_a_job_015|Leo_I_don_t_have_a_job_015/1/*.png|Leo|I don't have a job|我沒有工作|我 工作 沒有
Leo_I_don_t_have_a_job_016|Leo_I_don_t_have_a_job_016/1/*.png|Leo|I don't have a job|我沒有工作|我 工作 沒有
Leo_I_don_t_have_a_job_017|Leo_I_don_t_have_a_job_017/1/*.png|Leo|I don't have a job|我沒有工作|我 工作 沒有
Leo_I_don_t_have_a_job_018|Leo_I_don_t_have_a_job_018/1/*.png|Leo|I don't have a job|我沒有工作|我 工作 沒有
Leo_I_don_t_have_a_job_019|Leo_I_don_t_have_a_job_019/1/*.png|Leo|I don't have a job|我沒有工作|我 工作 沒有
Leo_I_don_t_have_a_job_020|Leo_I_don_t_have_a_job_020/1/*.png|Leo|I don't have a job|我沒有工作|我 工作 沒有
Leo_I_don_t_have_a_job_021|Leo_I_don_t_have_a_job_021/1/*.png|Leo|I don't have a job|我沒有工作|我 工作 沒有
Leo_I_don_t_have_a_job_022|Leo_I_don_t_have_a_job_022/1/*.png|Leo|I don't have a job|我沒有工作|我 工作 沒有
Leo_I_don_t_have_a_job_023|Leo_I_don_t_have_a_job_023/1/*.png|Leo|I don't have a job|我沒有工作|我 工作 沒有
Leo_I_don_t_have_a_job_024|Leo_I_don_t_have_a_job_024/1/*.png|Leo|I don't have a job|我沒有工作|我 工作 沒有
Leo_I_don_t_have_a_job_025|Leo_I_don_t_have_a_job_025/1/*.png|Leo|I don't have a job|我沒有工作|我 工作 沒有
Leo_I_don_t_have_a_job_026|Leo_I_don_t_have_a_job_026/1/*.png|Leo|I don't have a job|我沒有工作|我 工作 沒有
Leo_I_don_t_have_a_job_027|Leo_I_don_t_have_a_job_027/1/*.png|Leo|I don't have a job|我沒有工作|我 工作 沒有
Leo_I_don_t_have_a_job_028|Leo_I_don_t_have_a_job_028/1/*.png|Leo|I don't have a job|我沒有工作|我 工作 沒有
Leo_I_don_t_have_a_job_029|Leo_I_don_t_have_a_job_029/1/*.png|Leo|I don't have a job|我沒有工作|我 工作 沒有
Leo_I_don_t_have_a_job_030|Leo_I_don_t_have_a_job_030/1/*.png|Leo|I don't have a job|我沒有工作|我 工作 沒有
Leo_I_don_t_have_a_job_031|Leo_I_don_t_have_a_job_031/1/*.png|Leo|I don't have a job|我沒有工作|我 工作 沒有
Leo_I_don_t_have_a_job_032|Leo_I_don_t_have_a_job_032/1/*.png|Leo|I don't have a job|我沒有工作|我 工作 沒有
Leo_I_don_t_have_a_job_033|Leo_I_don_t_have_a_job_033/1/*.png|Leo|I don't have a job|我沒有工作|我 工作 沒有
Leo_I_don_t_have_a_job_034|Leo_I_don_t_have_a_job_034/1/*.png|Leo|I don't have a job|我沒有工作|我 工作 沒有
Leo_I_don_t_have_a_job_035|Leo_I_don_t_have_a_job_035/1/*.png|Leo|I don't have a job|我沒有工作|我 工作 沒有
Alex_No_smoking_here_001|Alex_No_smoking_here_001/1/*.png|Alex|No smoking here|這裡禁止吸菸|這 抽菸 不可以
Alex_No_smoking_here_002|Alex_No_smoking_here_002/1/*.png|Alex|No smoking here|這裡禁止吸菸|這 抽菸 不可以
Alex_No_smoking_here_003|Alex_No_smoking_here_003/1/*.png|Alex|No smoking here|這裡禁止吸菸|這 抽菸 不可以
Alex_No_smoking_here_004|Alex_No_smoking_here_004/1/*.png|Alex|No smoking here|這裡禁止吸菸|這 抽菸 不可以
Alex_No_smoking_here_005|Alex_No_smoking_here_005/1/*.png|Alex|No smoking here|這裡禁止吸菸|這 抽菸 不可以
Alex_No_smoking_here_006|Alex_No_smoking_here_006/1/*.png|Alex|No smoking here|這裡禁止吸菸|這 抽菸 不可以
Alex_No_smoking_here_007|Alex_No_smoking_here_007/1/*.png|Alex|No smoking here|這裡禁止吸菸|這 抽菸 不可以
Alex_No_smoking_here_008|Alex_No_smoking_here_008/1/*.png|Alex|No smoking here|這裡禁止吸菸|這 抽菸 不可以
Alex_No_smoking_here_009|Alex_No_smoking_here_009/1/*.png|Alex|No smoking here|這裡禁止吸菸|這 抽菸 不可以
Alex_No_smoking_here_010|Alex_No_smoking_here_010/1/*.png|Alex|No smoking here|這裡禁止吸菸|這 抽菸 不可以
Alex_No_smoking_here_011|Alex_No_smoking_here_011/1/*.png|Alex|No smoking here|這裡禁止吸菸|這 抽菸 不可以
Alex_No_smoking_here_012|Alex_No_smoking_here_012/1/*.png|Alex|No smoking here|這裡禁止吸菸|這 抽菸 不可以
Alex_No_smoking_here_013|Alex_No_smoking_here_013/1/*.png|Alex|No smoking here|這裡禁止吸菸|這 抽菸 不可以
Alex_No_smoking_here_014|Alex_No_smoking_here_014/1/*.png|Alex|No smoking here|這裡禁止吸菸|這 抽菸 不可以
Alex_No_smoking_here_015|Alex_No_smoking_here_015/1/*.png|Alex|No smoking here|這裡禁止吸菸|這 抽菸 不可以
Alex_No_smoking_here_016|Alex_No_smoking_here_016/1/*.png|Alex|No smoking here|這裡禁止吸菸|這 抽菸 不可以
Alex_No_smoking_here_017|Alex_No_smoking_here_017/1/*.png|Alex|No smoking here|這裡禁止吸菸|這 抽菸 不可以
Alex_No_smoking_here_018|Alex_No_smoking_here_018/1/*.png|Alex|No smoking here|這裡禁止吸菸|這 抽菸 不可以
Alex_No_smoking_here_019|Alex_No_smoking_here_019/1/*.png|Alex|No smoking here|這裡禁止吸菸|這 抽菸 不可以
Alex_No_smoking_here_020|Alex_No_smoking_here_020/1/*.png|Alex|No smoking here|這裡禁止吸菸|這 抽菸 不可以
Alex_No_smoking_here_021|Alex_No_smoking_here_021/1/*.png|Alex|No smoking here|這裡禁止吸菸|這 抽菸 不可以
Alex_No_smoking_here_022|Alex_No_smoking_here_022/1/*.png|Alex|No smoking here|這裡禁止吸菸|這 抽菸 不可以
Alex_No_smoking_here_023|Alex_No_smoking_here_023/1/*.png|Alex|No smoking here|這裡禁止吸菸|這 抽菸 不可以
Alex_No_smoking_here_024|Alex_No_smoking_here_024/1/*.png|Alex|No smoking here|這裡禁止吸菸|這 抽菸 不可以
Alex_No_smoking_here_025|Alex_No_smoking_here_025/1/*.png|Alex|No smoking here|這裡禁止吸菸|這 抽菸 不可以
Alex_No_smoking_here_026|Alex_No_smoking_here_026/1/*.png|Alex|No smoking here|這裡禁止吸菸|這 抽菸 不可以
Alex_No_smoking_here_027|Alex_No_smoking_here_027/1/*.png|Alex|No smoking here|這裡禁止吸菸|這 抽菸 不可以
Alex_No_smoking_here_028|Alex_No_smoking_here_028/1/*.png|Alex|No smoking here|這裡禁止吸菸|這 抽菸 不可以
Alex_No_smoking_here_029|Alex_No_smoking_here_029/1/*.png|Alex|No smoking here|這裡禁止吸菸|這 抽菸 不可以
Alex_No_smoking_here_030|Alex_No_smoking_here_030/1/*.png|Alex|No smoking here|這裡禁止吸菸|這 抽菸 不可以
Alex_No_smoking_here_031|Alex_No_smoking_here_031/1/*.png|Alex|No smoking here|這裡禁止吸菸|這 抽菸 不可以
Alex_No_smoking_here_032|Alex_No_smoking_here_032/1/*.png|Alex|No smoking here|這裡禁止吸菸|這 抽菸 不可以
Alex_No_smoking_here_033|Alex_No_smoking_here_033/1/*.png|Alex|No smoking here|這裡禁止吸菸|這 抽菸 不可以
Alex_No_smoking_here_034|Alex_No_smoking_here_034/1/*.png|Alex|No smoking here|這裡禁止吸菸|這 抽菸 不可以
Alex_No_smoking_here_035|Alex_No_smoking_here_035/1/*.png|Alex|No smoking here|這裡禁止吸菸|這 抽菸 不可以
Auther_No_smoking_here_001|Auther_No_smoking_here_001/1/*.png|Auther|No smoking here|這裡禁止吸菸|這 抽菸 不可以
Auther_No_smoking_here_002|Auther_No_smoking_here_002/1/*.png|Auther|No smoking here|這裡禁止吸菸|這 抽菸 不可以
Auther_No_smoking_here_003|Auther_No_smoking_here_003/1/*.png|Auther|No smoking here|這裡禁止吸菸|這 抽菸 不可以
Auther_No_smoking_here_004|Auther_No_smoking_here_004/1/*.png|Auther|No smoking here|這裡禁止吸菸|這 抽菸 不可以
Auther_No_smoking_here_005|Auther_No_smoking_here_005/1/*.png|Auther|No smoking here|這裡禁止吸菸|這 抽菸 不可以
Auther_No_smoking_here_006|Auther_No_smoking_here_006/1/*.png|Auther|No smoking here|這裡禁止吸菸|這 抽菸 不可以
Auther_No_smoking_here_007|Auther_No_smoking_here_007/1/*.png|Auther|No smoking here|這裡禁止吸菸|這 抽菸 不可以
Auther_No_smoking_here_008|Auther_No_smoking_here_008/1/*.png|Auther|No smoking here|這裡禁止吸菸|這 抽菸 不可以
Auther_No_smoking_here_009|Auther_No_smoking_here_009/1/*.png|Auther|No smoking here|這裡禁止吸菸|這 抽菸 不可以
Auther_No_smoking_here_010|Auther_No_smoking_here_010/1/*.png|Auther|No smoking here|這裡禁止吸菸|這 抽菸 不可以
Auther_No_smoking_here_011|Auther_No_smoking_here_011/1/*.png|Auther|No smoking here|這裡禁止吸菸|這 抽菸 不可以
Auther_No_smoking_here_012|Auther_No_smoking_here_012/1/*.png|Auther|No smoking here|這裡禁止吸菸|這 抽菸 不可以
Auther_No_smoking_here_013|Auther_No_smoking_here_013/1/*.png|Auther|No smoking here|這裡禁止吸菸|這 抽菸 不可以
Auther_No_smoking_here_014|Auther_No_smoking_here_014/1/*.png|Auther|No smoking here|這裡禁止吸菸|這 抽菸 不可以
Auther_No_smoking_here_015|Auther_No_smoking_here_015/1/*.png|Auther|No smoking here|這裡禁止吸菸|這 抽菸 不可以
Auther_No_smoking_here_016|Auther_No_smoking_here_016/1/*.png|Auther|No smoking here|這裡禁止吸菸|這 抽菸 不可以
Auther_No_smoking_here_017|Auther_No_smoking_here_017/1/*.png|Auther|No smoking here|這裡禁止吸菸|這 抽菸 不可以
Auther_No_smoking_here_018|Auther_No_smoking_here_018/1/*.png|Auther|No smoking here|這裡禁止吸菸|這 抽菸 不可以
Auther_No_smoking_here_019|Auther_No_smoking_here_019/1/*.png|Auther|No smoking here|這裡禁止吸菸|這 抽菸 不可以
Auther_No_smoking_here_020|Auther_No_smoking_here_020/1/*.png|Auther|No smoking here|這裡禁止吸菸|這 抽菸 不可以
Auther_No_smoking_here_021|Auther_No_smoking_here_021/1/*.png|Auther|No smoking here|這裡禁止吸菸|這 抽菸 不可以
Auther_No_smoking_here_022|Auther_No_smoking_here_022/1/*.png|Auther|No smoking here|這裡禁止吸菸|這 抽菸 不可以
Auther_No_smoking_here_023|Auther_No_smoking_here_023/1/*.png|Auther|No smoking here|這裡禁止吸菸|這 抽菸 不可以
Auther_No_smoking_here_024|Auther_No_smoking_here_024/1/*.png|Auther|No smoking here|這裡禁止吸菸|這 抽菸 不可以
Auther_No_smoking_here_025|Auther_No_smoking_here_025/1/*.png|Auther|No smoking here|這裡禁止吸菸|這 抽菸 不可以
Auther_No_smoking_here_026|Auther_No_smoking_here_026/1/*.png|Auther|No smoking here|這裡禁止吸菸|這 抽菸 不可以
Auther_No_smoking_here_027|Auther_No_smoking_here_027/1/*.png|Auther|No smoking here|這裡禁止吸菸|這 抽菸 不可以
Auther_No_smoking_here_028|Auther_No_smoking_here_028/1/*.png|Auther|No smoking here|這裡禁止吸菸|這 抽菸 不可以
Auther_No_smoking_here_029|Auther_No_smoking_here_029/1/*.png|Auther|No smoking here|這裡禁止吸菸|這 抽菸 不可以
Auther_No_smoking_here_030|Auther_No_smoking_here_030/1/*.png|Auther|No smoking here|這裡禁止吸菸|這 抽菸 不可以
Auther_No_smoking_here_031|Auther_No_smoking_here_031/1/*.png|Auther|No smoking here|這裡禁止吸菸|這 抽菸 不可以
Auther_No_smoking_here_032|Auther_No_smoking_here_032/1/*.png|Auther|No smoking here|這裡禁止吸菸|這 抽菸 不可以
Auther_No_smoking_here_033|Auther_No_smoking_here_033/1/*.png|Auther|No smoking here|這裡禁止吸菸|這 抽菸 不可以
Auther_No_smoking_here_034|Auther_No_smoking_here_034/1/*.png|Auther|No smoking here|這裡禁止吸菸|這 抽菸 不可以
Auther_No_smoking_here_035|Auther_No_smoking_here_035/1/*.png|Auther|No smoking here|這裡禁止吸菸|這 抽菸 不可以
David_No_smoking_here_001|David_No_smoking_here_001/1/*.png|David|No smoking here|這裡禁止吸菸|這 抽菸 不可以
David_No_smoking_here_002|David_No_smoking_here_002/1/*.png|David|No smoking here|這裡禁止吸菸|這 抽菸 不可以
David_No_smoking_here_003|David_No_smoking_here_003/1/*.png|David|No smoking here|這裡禁止吸菸|這 抽菸 不可以
David_No_smoking_here_004|David_No_smoking_here_004/1/*.png|David|No smoking here|這裡禁止吸菸|這 抽菸 不可以
David_No_smoking_here_005|David_No_smoking_here_005/1/*.png|David|No smoking here|這裡禁止吸菸|這 抽菸 不可以
David_No_smoking_here_006|David_No_smoking_here_006/1/*.png|David|No smoking here|這裡禁止吸菸|這 抽菸 不可以
David_No_smoking_here_007|David_No_smoking_here_007/1/*.png|David|No smoking here|這裡禁止吸菸|這 抽菸 不可以
David_No_smoking_here_008|David_No_smoking_here_008/1/*.png|David|No smoking here|這裡禁止吸菸|這 抽菸 不可以
David_No_smoking_here_009|David_No_smoking_here_009/1/*.png|David|No smoking here|這裡禁止吸菸|這 抽菸 不可以
David_No_smoking_here_010|David_No_smoking_here_010/1/*.png|David|No smoking here|這裡禁止吸菸|這 抽菸 不可以
David_No_smoking_here_011|David_No_smoking_here_011/1/*.png|David|No smoking here|這裡禁止吸菸|這 抽菸 不可以
David_No_smoking_here_012|David_No_smoking_here_012/1/*.png|David|No smoking here|這裡禁止吸菸|這 抽菸 不可以
David_No_smoking_here_013|David_No_smoking_here_013/1/*.png|David|No smoking here|這裡禁止吸菸|這 抽菸 不可以
David_No_smoking_here_014|David_No_smoking_here_014/1/*.png|David|No smoking here|這裡禁止吸菸|這 抽菸 不可以
David_No_smoking_here_015|David_No_smoking_here_015/1/*.png|David|No smoking here|這裡禁止吸菸|這 抽菸 不可以
David_No_smoking_here_016|David_No_smoking_here_016/1/*.png|David|No smoking here|這裡禁止吸菸|這 抽菸 不可以
David_No_smoking_here_017|David_No_smoking_here_017/1/*.png|David|No smoking here|這裡禁止吸菸|這 抽菸 不可以
David_No_smoking_here_018|David_No_smoking_here_018/1/*.png|David|No smoking here|這裡禁止吸菸|這 抽菸 不可以
David_No_smoking_here_019|David_No_smoking_here_019/1/*.png|David|No smoking here|這裡禁止吸菸|這 抽菸 不可以
David_No_smoking_here_022|David_No_smoking_here_022/1/*.png|David|No smoking here|這裡禁止吸菸|這 抽菸 不可以
David_No_smoking_here_023|David_No_smoking_here_023/1/*.png|David|No smoking here|這裡禁止吸菸|這 抽菸 不可以
David_No_smoking_here_024|David_No_smoking_here_024/1/*.png|David|No smoking here|這裡禁止吸菸|這 抽菸 不可以
David_No_smoking_here_025|David_No_smoking_here_025/1/*.png|David|No smoking here|這裡禁止吸菸|這 抽菸 不可以
David_No_smoking_here_026|David_No_smoking_here_026/1/*.png|David|No smoking here|這裡禁止吸菸|這 抽菸 不可以
David_No_smoking_here_027|David_No_smoking_here_027/1/*.png|David|No smoking here|這裡禁止吸菸|這 抽菸 不可以
David_No_smoking_here_028|David_No_smoking_here_028/1/*.png|David|No smoking here|這裡禁止吸菸|這 抽菸 不可以
David_No_smoking_here_029|David_No_smoking_here_029/1/*.png|David|No smoking here|這裡禁止吸菸|這 抽菸 不可以
David_No_smoking_here_030|David_No_smoking_here_030/1/*.png|David|No smoking here|這裡禁止吸菸|這 抽菸 不可以
David_No_smoking_here_031|David_No_smoking_here_031/1/*.png|David|No smoking here|這裡禁止吸菸|這 抽菸 不可以
David_No_smoking_here_032|David_No_smoking_here_032/1/*.png|David|No smoking here|這裡禁止吸菸|這 抽菸 不可以
David_No_smoking_here_033|David_No_smoking_here_033/1/*.png|David|No smoking here|這裡禁止吸菸|這 抽菸 不可以
David_No_smoking_here_034|David_No_smoking_here_034/1/*.png|David|No smoking here|這裡禁止吸菸|這 抽菸 不可以
David_No_smoking_here_035|David_No_smoking_here_035/1/*.png|David|No smoking here|這裡禁止吸菸|這 抽菸 不可以
David_No_smoking_here_036|David_No_smoking_here_036/1/*.png|David|No smoking here|這裡禁止吸菸|這 抽菸 不可以
David_No_smoking_here_037|David_No_smoking_here_037/1/*.png|David|No smoking here|這裡禁止吸菸|這 抽菸 不可以
Jerry_No_smoking_here_001|Jerry_No_smoking_here_001/1/*.png|Jerry|No smoking here|這裡禁止吸菸|這 抽菸 不可以
Jerry_No_smoking_here_002|Jerry_No_smoking_here_002/1/*.png|Jerry|No smoking here|這裡禁止吸菸|這 抽菸 不可以
Jerry_No_smoking_here_003|Jerry_No_smoking_here_003/1/*.png|Jerry|No smoking here|這裡禁止吸菸|這 抽菸 不可以
Jerry_No_smoking_here_004|Jerry_No_smoking_here_004/1/*.png|Jerry|No smoking here|這裡禁止吸菸|這 抽菸 不可以
Jerry_No_smoking_here_005|Jerry_No_smoking_here_005/1/*.png|Jerry|No smoking here|這裡禁止吸菸|這 抽菸 不可以
Jerry_No_smoking_here_006|Jerry_No_smoking_here_006/1/*.png|Jerry|No smoking here|這裡禁止吸菸|這 抽菸 不可以
Jerry_No_smoking_here_007|Jerry_No_smoking_here_007/1/*.png|Jerry|No smoking here|這裡禁止吸菸|這 抽菸 不可以
Jerry_No_smoking_here_008|Jerry_No_smoking_here_008/1/*.png|Jerry|No smoking here|這裡禁止吸菸|這 抽菸 不可以
Jerry_No_smoking_here_009|Jerry_No_smoking_here_009/1/*.png|Jerry|No smoking here|這裡禁止吸菸|這 抽菸 不可以
Jerry_No_smoking_here_010|Jerry_No_smoking_here_010/1/*.png|Jerry|No smoking here|這裡禁止吸菸|這 抽菸 不可以
Jerry_No_smoking_here_011|Jerry_No_smoking_here_011/1/*.png|Jerry|No smoking here|這裡禁止吸菸|這 抽菸 不可以
Jerry_No_smoking_here_012|Jerry_No_smoking_here_012/1/*.png|Jerry|No smoking here|這裡禁止吸菸|這 抽菸 不可以
Jerry_No_smoking_here_013|Jerry_No_smoking_here_013/1/*.png|Jerry|No smoking here|這裡禁止吸菸|這 抽菸 不可以
Jerry_No_smoking_here_014|Jerry_No_smoking_here_014/1/*.png|Jerry|No smoking here|這裡禁止吸菸|這 抽菸 不可以
Jerry_No_smoking_here_015|Jerry_No_smoking_here_015/1/*.png|Jerry|No smoking here|這裡禁止吸菸|這 抽菸 不可以
Jerry_No_smoking_here_016|Jerry_No_smoking_here_016/1/*.png|Jerry|No smoking here|這裡禁止吸菸|這 抽菸 不可以
Jerry_No_smoking_here_017|Jerry_No_smoking_here_017/1/*.png|Jerry|No smoking here|這裡禁止吸菸|這 抽菸 不可以
Jerry_No_smoking_here_018|Jerry_No_smoking_here_018/1/*.png|Jerry|No smoking here|這裡禁止吸菸|這 抽菸 不可以
Jerry_No_smoking_here_019|Jerry_No_smoking_here_019/1/*.png|Jerry|No smoking here|這裡禁止吸菸|這 抽菸 不可以
Jerry_No_smoking_here_020|Jerry_No_smoking_here_020/1/*.png|Jerry|No smoking here|這裡禁止吸菸|這 抽菸 不可以
Jerry_No_smoking_here_021|Jerry_No_smoking_here_021/1/*.png|Jerry|No smoking here|這裡禁止吸菸|這 抽菸 不可以
Jerry_No_smoking_here_022|Jerry_No_smoking_here_022/1/*.png|Jerry|No smoking here|這裡禁止吸菸|這 抽菸 不可以
Jerry_No_smoking_here_023|Jerry_No_smoking_here_023/1/*.png|Jerry|No smoking here|這裡禁止吸菸|這 抽菸 不可以
Jerry_No_smoking_here_024|Jerry_No_smoking_here_024/1/*.png|Jerry|No smoking here|這裡禁止吸菸|這 抽菸 不可以
Jerry_No_smoking_here_025|Jerry_No_smoking_here_025/1/*.png|Jerry|No smoking here|這裡禁止吸菸|這 抽菸 不可以
Jerry_No_smoking_here_026|Jerry_No_smoking_here_026/1/*.png|Jerry|No smoking here|這裡禁止吸菸|這 抽菸 不可以
Jerry_No_smoking_here_027|Jerry_No_smoking_here_027/1/*.png|Jerry|No smoking here|這裡禁止吸菸|這 抽菸 不可以
Jerry_No_smoking_here_028|Jerry_No_smoking_here_028/1/*.png|Jerry|No smoking here|這裡禁止吸菸|這 抽菸 不可以
Jerry_No_smoking_here_029|Jerry_No_smoking_here_029/1/*.png|Jerry|No smoking here|這裡禁止吸菸|這 抽菸 不可以
Jerry_No_smoking_here_030|Jerry_No_smoking_here_030/1/*.png|Jerry|No smoking here|這裡禁止吸菸|這 抽菸 不可以
Jerry_No_smoking_here_031|Jerry_No_smoking_here_031/1/*.png|Jerry|No smoking here|這裡禁止吸菸|這 抽菸 不可以
Jerry_No_smoking_here_032|Jerry_No_smoking_here_032/1/*.png|Jerry|No smoking here|這裡禁止吸菸|這 抽菸 不可以
Jerry_No_smoking_here_033|Jerry_No_smoking_here_033/1/*.png|Jerry|No smoking here|這裡禁止吸菸|這 抽菸 不可以
Jerry_No_smoking_here_034|Jerry_No_smoking_here_034/1/*.png|Jerry|No smoking here|這裡禁止吸菸|這 抽菸 不可以
Jerry_No_smoking_here_035|Jerry_No_smoking_here_035/1/*.png|Jerry|No smoking here|這裡禁止吸菸|這 抽菸 不可以
Leo_No_smoking_here_001|Leo_No_smoking_here_001/1/*.png|Leo|No smoking here|這裡禁止吸菸|這 抽菸 不可以
Leo_No_smoking_here_002|Leo_No_smoking_here_002/1/*.png|Leo|No smoking here|這裡禁止吸菸|這 抽菸 不可以
Leo_No_smoking_here_003|Leo_No_smoking_here_003/1/*.png|Leo|No smoking here|這裡禁止吸菸|這 抽菸 不可以
Leo_No_smoking_here_004|Leo_No_smoking_here_004/1/*.png|Leo|No smoking here|這裡禁止吸菸|這 抽菸 不可以
Leo_No_smoking_here_005|Leo_No_smoking_here_005/1/*.png|Leo|No smoking here|這裡禁止吸菸|這 抽菸 不可以
Leo_No_smoking_here_006|Leo_No_smoking_here_006/1/*.png|Leo|No smoking here|這裡禁止吸菸|這 抽菸 不可以
Leo_No_smoking_here_007|Leo_No_smoking_here_007/1/*.png|Leo|No smoking here|這裡禁止吸菸|這 抽菸 不可以
Leo_No_smoking_here_008|Leo_No_smoking_here_008/1/*.png|Leo|No smoking here|這裡禁止吸菸|這 抽菸 不可以
Leo_No_smoking_here_009|Leo_No_smoking_here_009/1/*.png|Leo|No smoking here|這裡禁止吸菸|這 抽菸 不可以
Leo_No_smoking_here_010|Leo_No_smoking_here_010/1/*.png|Leo|No smoking here|這裡禁止吸菸|這 抽菸 不可以
Leo_No_smoking_here_011|Leo_No_smoking_here_011/1/*.png|Leo|No smoking here|這裡禁止吸菸|這 抽菸 不可以
Leo_No_smoking_here_012|Leo_No_smoking_here_012/1/*.png|Leo|No smoking here|這裡禁止吸菸|這 抽菸 不可以
Leo_No_smoking_here_013|Leo_No_smoking_here_013/1/*.png|Leo|No smoking here|這裡禁止吸菸|這 抽菸 不可以
Leo_No_smoking_here_014|Leo_No_smoking_here_014/1/*.png|Leo|No smoking here|這裡禁止吸菸|這 抽菸 不可以
Leo_No_smoking_here_015|Leo_No_smoking_here_015/1/*.png|Leo|No smoking here|這裡禁止吸菸|這 抽菸 不可以
Leo_No_smoking_here_016|Leo_No_smoking_here_016/1/*.png|Leo|No smoking here|這裡禁止吸菸|這 抽菸 不可以
Leo_No_smoking_here_017|Leo_No_smoking_here_017/1/*.png|Leo|No smoking here|這裡禁止吸菸|這 抽菸 不可以
Leo_No_smoking_here_018|Leo_No_smoking_here_018/1/*.png|Leo|No smoking here|這裡禁止吸菸|這 抽菸 不可以
Leo_No_smoking_here_019|Leo_No_smoking_here_019/1/*.png|Leo|No smoking here|這裡禁止吸菸|這 抽菸 不可以
Leo_No_smoking_here_020|Leo_No_smoking_here_020/1/*.png|Leo|No smoking here|這裡禁止吸菸|這 抽菸 不可以
Leo_No_smoking_here_021|Leo_No_smoking_here_021/1/*.png|Leo|No smoking here|這裡禁止吸菸|這 抽菸 不可以
Leo_No_smoking_here_022|Leo_No_smoking_here_022/1/*.png|Leo|No smoking here|這裡禁止吸菸|這 抽菸 不可以
Leo_No_smoking_here_023|Leo_No_smoking_here_023/1/*.png|Leo|No smoking here|這裡禁止吸菸|這 抽菸 不可以
Leo_No_smoking_here_024|Leo_No_smoking_here_024/1/*.png|Leo|No smoking here|這裡禁止吸菸|這 抽菸 不可以
Leo_No_smoking_here_025|Leo_No_smoking_here_025/1/*.png|Leo|No smoking here|這裡禁止吸菸|這 抽菸 不可以
Leo_No_smoking_here_026|Leo_No_smoking_here_026/1/*.png|Leo|No smoking here|這裡禁止吸菸|這 抽菸 不可以
Leo_No_smoking_here_027|Leo_No_smoking_here_027/1/*.png|Leo|No smoking here|這裡禁止吸菸|這 抽菸 不可以
Leo_No_smoking_here_028|Leo_No_smoking_here_028/1/*.png|Leo|No smoking here|這裡禁止吸菸|這 抽菸 不可以
Leo_No_smoking_here_029|Leo_No_smoking_here_029/1/*.png|Leo|No smoking here|這裡禁止吸菸|這 抽菸 不可以
Leo_No_smoking_here_030|Leo_No_smoking_here_030/1/*.png|Leo|No smoking here|這裡禁止吸菸|這 抽菸 不可以
Leo_No_smoking_here_031|Leo_No_smoking_here_031/1/*.png|Leo|No smoking here|這裡禁止吸菸|這 抽菸 不可以
Leo_No_smoking_here_032|Leo_No_smoking_here_032/1/*.png|Leo|No smoking here|這裡禁止吸菸|這 抽菸 不可以
Leo_No_smoking_here_033|Leo_No_smoking_here_033/1/*.png|Leo|No smoking here|這裡禁止吸菸|這 抽菸 不可以
Leo_No_smoking_here_034|Leo_No_smoking_here_034/1/*.png|Leo|No smoking here|這裡禁止吸菸|這 抽菸 不可以
Leo_No_smoking_here_035|Leo_No_smoking_here_035/1/*.png|Leo|No smoking here|這裡禁止吸菸|這 抽菸 不可以
Alex_Please_sign_here_001|Alex_Please_sign_here_001/1/*.png|Alex|Please sign here|請在這裡簽名|請 這 簽名
Alex_Please_sign_here_002|Alex_Please_sign_here_002/1/*.png|Alex|Please sign here|請在這裡簽名|請 這 簽名
Alex_Please_sign_here_003|Alex_Please_sign_here_003/1/*.png|Alex|Please sign here|請在這裡簽名|請 這 簽名
Alex_Please_sign_here_004|Alex_Please_sign_here_004/1/*.png|Alex|Please sign here|請在這裡簽名|請 這 簽名
Alex_Please_sign_here_005|Alex_Please_sign_here_005/1/*.png|Alex|Please sign here|請在這裡簽名|請 這 簽名
Alex_Please_sign_here_006|Alex_Please_sign_here_006/1/*.png|Alex|Please sign here|請在這裡簽名|請 這 簽名
Alex_Please_sign_here_007|Alex_Please_sign_here_007/1/*.png|Alex|Please sign here|請在這裡簽名|請 這 簽名
Alex_Please_sign_here_008|Alex_Please_sign_here_008/1/*.png|Alex|Please sign here|請在這裡簽名|請 這 簽名
Alex_Please_sign_here_009|Alex_Please_sign_here_009/1/*.png|Alex|Please sign here|請在這裡簽名|請 這 簽名
Alex_Please_sign_here_010|Alex_Please_sign_here_010/1/*.png|Alex|Please sign here|請在這裡簽名|請 這 簽名
Alex_Please_sign_here_011|Alex_Please_sign_here_011/1/*.png|Alex|Please sign here|請在這裡簽名|請 這 簽名
Alex_Please_sign_here_012|Alex_Please_sign_here_012/1/*.png|Alex|Please sign here|請在這裡簽名|請 這 簽名
Alex_Please_sign_here_013|Alex_Please_sign_here_013/1/*.png|Alex|Please sign here|請在這裡簽名|請 這 簽名
Alex_Please_sign_here_014|Alex_Please_sign_here_014/1/*.png|Alex|Please sign here|請在這裡簽名|請 這 簽名
Alex_Please_sign_here_015|Alex_Please_sign_here_015/1/*.png|Alex|Please sign here|請在這裡簽名|請 這 簽名
Alex_Please_sign_here_016|Alex_Please_sign_here_016/1/*.png|Alex|Please sign here|請在這裡簽名|請 這 簽名
Alex_Please_sign_here_017|Alex_Please_sign_here_017/1/*.png|Alex|Please sign here|請在這裡簽名|請 這 簽名
Alex_Please_sign_here_018|Alex_Please_sign_here_018/1/*.png|Alex|Please sign here|請在這裡簽名|請 這 簽名
Alex_Please_sign_here_019|Alex_Please_sign_here_019/1/*.png|Alex|Please sign here|請在這裡簽名|請 這 簽名
Alex_Please_sign_here_020|Alex_Please_sign_here_020/1/*.png|Alex|Please sign here|請在這裡簽名|請 這 簽名
Alex_Please_sign_here_021|Alex_Please_sign_here_021/1/*.png|Alex|Please sign here|請在這裡簽名|請 這 簽名
Alex_Please_sign_here_022|Alex_Please_sign_here_022/1/*.png|Alex|Please sign here|請在這裡簽名|請 這 簽名
Alex_Please_sign_here_023|Alex_Please_sign_here_023/1/*.png|Alex|Please sign here|請在這裡簽名|請 這 簽名
Alex_Please_sign_here_024|Alex_Please_sign_here_024/1/*.png|Alex|Please sign here|請在這裡簽名|請 這 簽名
Alex_Please_sign_here_025|Alex_Please_sign_here_025/1/*.png|Alex|Please sign here|請在這裡簽名|請 這 簽名
Alex_Please_sign_here_026|Alex_Please_sign_here_026/1/*.png|Alex|Please sign here|請在這裡簽名|請 這 簽名
Alex_Please_sign_here_027|Alex_Please_sign_here_027/1/*.png|Alex|Please sign here|請在這裡簽名|請 這 簽名
Alex_Please_sign_here_028|Alex_Please_sign_here_028/1/*.png|Alex|Please sign here|請在這裡簽名|請 這 簽名
Alex_Please_sign_here_029|Alex_Please_sign_here_029/1/*.png|Alex|Please sign here|請在這裡簽名|請 這 簽名
Alex_Please_sign_here_030|Alex_Please_sign_here_030/1/*.png|Alex|Please sign here|請在這裡簽名|請 這 簽名
Alex_Please_sign_here_031|Alex_Please_sign_here_031/1/*.png|Alex|Please sign here|請在這裡簽名|請 這 簽名
Alex_Please_sign_here_032|Alex_Please_sign_here_032/1/*.png|Alex|Please sign here|請在這裡簽名|請 這 簽名
Alex_Please_sign_here_033|Alex_Please_sign_here_033/1/*.png|Alex|Please sign here|請在這裡簽名|請 這 簽名
Alex_Please_sign_here_034|Alex_Please_sign_here_034/1/*.png|Alex|Please sign here|請在這裡簽名|請 這 簽名
Alex_Please_sign_here_035|Alex_Please_sign_here_035/1/*.png|Alex|Please sign here|請在這裡簽名|請 這 簽名
Auther_Please_sign_here_001|Auther_Please_sign_here_001/1/*.png|Auther|Please sign here|請在這裡簽名|請 這 簽名
Auther_Please_sign_here_002|Auther_Please_sign_here_002/1/*.png|Auther|Please sign here|請在這裡簽名|請 這 簽名
Auther_Please_sign_here_003|Auther_Please_sign_here_003/1/*.png|Auther|Please sign here|請在這裡簽名|請 這 簽名
Auther_Please_sign_here_004|Auther_Please_sign_here_004/1/*.png|Auther|Please sign here|請在這裡簽名|請 這 簽名
Auther_Please_sign_here_005|Auther_Please_sign_here_005/1/*.png|Auther|Please sign here|請在這裡簽名|請 這 簽名
Auther_Please_sign_here_006|Auther_Please_sign_here_006/1/*.png|Auther|Please sign here|請在這裡簽名|請 這 簽名
Auther_Please_sign_here_007|Auther_Please_sign_here_007/1/*.png|Auther|Please sign here|請在這裡簽名|請 這 簽名
Auther_Please_sign_here_008|Auther_Please_sign_here_008/1/*.png|Auther|Please sign here|請在這裡簽名|請 這 簽名
Auther_Please_sign_here_009|Auther_Please_sign_here_009/1/*.png|Auther|Please sign here|請在這裡簽名|請 這 簽名
Auther_Please_sign_here_010|Auther_Please_sign_here_010/1/*.png|Auther|Please sign here|請在這裡簽名|請 這 簽名
Auther_Please_sign_here_011|Auther_Please_sign_here_011/1/*.png|Auther|Please sign here|請在這裡簽名|請 這 簽名
Auther_Please_sign_here_012|Auther_Please_sign_here_012/1/*.png|Auther|Please sign here|請在這裡簽名|請 這 簽名
Auther_Please_sign_here_013|Auther_Please_sign_here_013/1/*.png|Auther|Please sign here|請在這裡簽名|請 這 簽名
Auther_Please_sign_here_014|Auther_Please_sign_here_014/1/*.png|Auther|Please sign here|請在這裡簽名|請 這 簽名
Auther_Please_sign_here_015|Auther_Please_sign_here_015/1/*.png|Auther|Please sign here|請在這裡簽名|請 這 簽名
Auther_Please_sign_here_016|Auther_Please_sign_here_016/1/*.png|Auther|Please sign here|請在這裡簽名|請 這 簽名
Auther_Please_sign_here_017|Auther_Please_sign_here_017/1/*.png|Auther|Please sign here|請在這裡簽名|請 這 簽名
Auther_Please_sign_here_018|Auther_Please_sign_here_018/1/*.png|Auther|Please sign here|請在這裡簽名|請 這 簽名
Auther_Please_sign_here_019|Auther_Please_sign_here_019/1/*.png|Auther|Please sign here|請在這裡簽名|請 這 簽名
Auther_Please_sign_here_020|Auther_Please_sign_here_020/1/*.png|Auther|Please sign here|請在這裡簽名|請 這 簽名
Auther_Please_sign_here_021|Auther_Please_sign_here_021/1/*.png|Auther|Please sign here|請在這裡簽名|請 這 簽名
Auther_Please_sign_here_022|Auther_Please_sign_here_022/1/*.png|Auther|Please sign here|請在這裡簽名|請 這 簽名
Auther_Please_sign_here_023|Auther_Please_sign_here_023/1/*.png|Auther|Please sign here|請在這裡簽名|請 這 簽名
Auther_Please_sign_here_024|Auther_Please_sign_here_024/1/*.png|Auther|Please sign here|請在這裡簽名|請 這 簽名
Auther_Please_sign_here_025|Auther_Please_sign_here_025/1/*.png|Auther|Please sign here|請在這裡簽名|請 這 簽名
Auther_Please_sign_here_026|Auther_Please_sign_here_026/1/*.png|Auther|Please sign here|請在這裡簽名|請 這 簽名
Auther_Please_sign_here_027|Auther_Please_sign_here_027/1/*.png|Auther|Please sign here|請在這裡簽名|請 這 簽名
Auther_Please_sign_here_028|Auther_Please_sign_here_028/1/*.png|Auther|Please sign here|請在這裡簽名|請 這 簽名
Auther_Please_sign_here_029|Auther_Please_sign_here_029/1/*.png|Auther|Please sign here|請在這裡簽名|請 這 簽名
Auther_Please_sign_here_030|Auther_Please_sign_here_030/1/*.png|Auther|Please sign here|請在這裡簽名|請 這 簽名
Auther_Please_sign_here_031|Auther_Please_sign_here_031/1/*.png|Auther|Please sign here|請在這裡簽名|請 這 簽名
Auther_Please_sign_here_032|Auther_Please_sign_here_032/1/*.png|Auther|Please sign here|請在這裡簽名|請 這 簽名
Auther_Please_sign_here_033|Auther_Please_sign_here_033/1/*.png|Auther|Please sign here|請在這裡簽名|請 這 簽名
Auther_Please_sign_here_034|Auther_Please_sign_here_034/1/*.png|Auther|Please sign here|請在這裡簽名|請 這 簽名
Auther_Please_sign_here_035|Auther_Please_sign_here_035/1/*.png|Auther|Please sign here|請在這裡簽名|請 這 簽名
David_Please_sign_here_001|David_Please_sign_here_001/1/*.png|David|Please sign here|請在這裡簽名|請 這 簽名
David_Please_sign_here_002|David_Please_sign_here_002/1/*.png|David|Please sign here|請在這裡簽名|請 這 簽名
David_Please_sign_here_003|David_Please_sign_here_003/1/*.png|David|Please sign here|請在這裡簽名|請 這 簽名
David_Please_sign_here_004|David_Please_sign_here_004/1/*.png|David|Please sign here|請在這裡簽名|請 這 簽名
David_Please_sign_here_005|David_Please_sign_here_005/1/*.png|David|Please sign here|請在這裡簽名|請 這 簽名
David_Please_sign_here_006|David_Please_sign_here_006/1/*.png|David|Please sign here|請在這裡簽名|請 這 簽名
David_Please_sign_here_007|David_Please_sign_here_007/1/*.png|David|Please sign here|請在這裡簽名|請 這 簽名
David_Please_sign_here_008|David_Please_sign_here_008/1/*.png|David|Please sign here|請在這裡簽名|請 這 簽名
David_Please_sign_here_009|David_Please_sign_here_009/1/*.png|David|Please sign here|請在這裡簽名|請 這 簽名
David_Please_sign_here_010|David_Please_sign_here_010/1/*.png|David|Please sign here|請在這裡簽名|請 這 簽名
David_Please_sign_here_011|David_Please_sign_here_011/1/*.png|David|Please sign here|請在這裡簽名|請 這 簽名
David_Please_sign_here_013|David_Please_sign_here_013/1/*.png|David|Please sign here|請在這裡簽名|請 這 簽名
David_Please_sign_here_014|David_Please_sign_here_014/1/*.png|David|Please sign here|請在這裡簽名|請 這 簽名
David_Please_sign_here_015|David_Please_sign_here_015/1/*.png|David|Please sign here|請在這裡簽名|請 這 簽名
David_Please_sign_here_016|David_Please_sign_here_016/1/*.png|David|Please sign here|請在這裡簽名|請 這 簽名
David_Please_sign_here_017|David_Please_sign_here_017/1/*.png|David|Please sign here|請在這裡簽名|請 這 簽名
David_Please_sign_here_018|David_Please_sign_here_018/1/*.png|David|Please sign here|請在這裡簽名|請 這 簽名
David_Please_sign_here_019|David_Please_sign_here_019/1/*.png|David|Please sign here|請在這裡簽名|請 這 簽名
David_Please_sign_here_020|David_Please_sign_here_020/1/*.png|David|Please sign here|請在這裡簽名|請 這 簽名
David_Please_sign_here_021|David_Please_sign_here_021/1/*.png|David|Please sign here|請在這裡簽名|請 這 簽名
David_Please_sign_here_022|David_Please_sign_here_022/1/*.png|David|Please sign here|請在這裡簽名|請 這 簽名
David_Please_sign_here_023|David_Please_sign_here_023/1/*.png|David|Please sign here|請在這裡簽名|請 這 簽名
David_Please_sign_here_024|David_Please_sign_here_024/1/*.png|David|Please sign here|請在這裡簽名|請 這 簽名
David_Please_sign_here_025|David_Please_sign_here_025/1/*.png|David|Please sign here|請在這裡簽名|請 這 簽名
David_Please_sign_here_026|David_Please_sign_here_026/1/*.png|David|Please sign here|請在這裡簽名|請 這 簽名
David_Please_sign_here_027|David_Please_sign_here_027/1/*.png|David|Please sign here|請在這裡簽名|請 這 簽名
David_Please_sign_here_028|David_Please_sign_here_028/1/*.png|David|Please sign here|請在這裡簽名|請 這 簽名
David_Please_sign_here_029|David_Please_sign_here_029/1/*.png|David|Please sign here|請在這裡簽名|請 這 簽名
David_Please_sign_here_030|David_Please_sign_here_030/1/*.png|David|Please sign here|請在這裡簽名|請 這 簽名
David_Please_sign_here_031|David_Please_sign_here_031/1/*.png|David|Please sign here|請在這裡簽名|請 這 簽名
David_Please_sign_here_032|David_Please_sign_here_032/1/*.png|David|Please sign here|請在這裡簽名|請 這 簽名
David_Please_sign_here_033|David_Please_sign_here_033/1/*.png|David|Please sign here|請在這裡簽名|請 這 簽名
David_Please_sign_here_034|David_Please_sign_here_034/1/*.png|David|Please sign here|請在這裡簽名|請 這 簽名
David_Please_sign_here_035|David_Please_sign_here_035/1/*.png|David|Please sign here|請在這裡簽名|請 這 簽名
Jerry_Please_sign_here_001|Jerry_Please_sign_here_001/1/*.png|Jerry|Please sign here|請在這裡簽名|請 這 簽名
Jerry_Please_sign_here_002|Jerry_Please_sign_here_002/1/*.png|Jerry|Please sign here|請在這裡簽名|請 這 簽名
Jerry_Please_sign_here_003|Jerry_Please_sign_here_003/1/*.png|Jerry|Please sign here|請在這裡簽名|請 這 簽名
Jerry_Please_sign_here_004|Jerry_Please_sign_here_004/1/*.png|Jerry|Please sign here|請在這裡簽名|請 這 簽名
Jerry_Please_sign_here_005|Jerry_Please_sign_here_005/1/*.png|Jerry|Please sign here|請在這裡簽名|請 這 簽名
Jerry_Please_sign_here_006|Jerry_Please_sign_here_006/1/*.png|Jerry|Please sign here|請在這裡簽名|請 這 簽名
Jerry_Please_sign_here_007|Jerry_Please_sign_here_007/1/*.png|Jerry|Please sign here|請在這裡簽名|請 這 簽名
Jerry_Please_sign_here_008|Jerry_Please_sign_here_008/1/*.png|Jerry|Please sign here|請在這裡簽名|請 這 簽名
Jerry_Please_sign_here_009|Jerry_Please_sign_here_009/1/*.png|Jerry|Please sign here|請在這裡簽名|請 這 簽名
Jerry_Please_sign_here_010|Jerry_Please_sign_here_010/1/*.png|Jerry|Please sign here|請在這裡簽名|請 這 簽名
Jerry_Please_sign_here_011|Jerry_Please_sign_here_011/1/*.png|Jerry|Please sign here|請在這裡簽名|請 這 簽名
Jerry_Please_sign_here_012|Jerry_Please_sign_here_012/1/*.png|Jerry|Please sign here|請在這裡簽名|請 這 簽名
Jerry_Please_sign_here_013|Jerry_Please_sign_here_013/1/*.png|Jerry|Please sign here|請在這裡簽名|請 這 簽名
Jerry_Please_sign_here_014|Jerry_Please_sign_here_014/1/*.png|Jerry|Please sign here|請在這裡簽名|請 這 簽名
Jerry_Please_sign_here_015|Jerry_Please_sign_here_015/1/*.png|Jerry|Please sign here|請在這裡簽名|請 這 簽名
Jerry_Please_sign_here_016|Jerry_Please_sign_here_016/1/*.png|Jerry|Please sign here|請在這裡簽名|請 這 簽名
Jerry_Please_sign_here_017|Jerry_Please_sign_here_017/1/*.png|Jerry|Please sign here|請在這裡簽名|請 這 簽名
Jerry_Please_sign_here_018|Jerry_Please_sign_here_018/1/*.png|Jerry|Please sign here|請在這裡簽名|請 這 簽名
Jerry_Please_sign_here_019|Jerry_Please_sign_here_019/1/*.png|Jerry|Please sign here|請在這裡簽名|請 這 簽名
Jerry_Please_sign_here_020|Jerry_Please_sign_here_020/1/*.png|Jerry|Please sign here|請在這裡簽名|請 這 簽名
Jerry_Please_sign_here_021|Jerry_Please_sign_here_021/1/*.png|Jerry|Please sign here|請在這裡簽名|請 這 簽名
Jerry_Please_sign_here_022|Jerry_Please_sign_here_022/1/*.png|Jerry|Please sign here|請在這裡簽名|請 這 簽名
Jerry_Please_sign_here_023|Jerry_Please_sign_here_023/1/*.png|Jerry|Please sign here|請在這裡簽名|請 這 簽名
Jerry_Please_sign_here_024|Jerry_Please_sign_here_024/1/*.png|Jerry|Please sign here|請在這裡簽名|請 這 簽名
Jerry_Please_sign_here_025|Jerry_Please_sign_here_025/1/*.png|Jerry|Please sign here|請在這裡簽名|請 這 簽名
Jerry_Please_sign_here_026|Jerry_Please_sign_here_026/1/*.png|Jerry|Please sign here|請在這裡簽名|請 這 簽名
Jerry_Please_sign_here_027|Jerry_Please_sign_here_027/1/*.png|Jerry|Please sign here|請在這裡簽名|請 這 簽名
Jerry_Please_sign_here_028|Jerry_Please_sign_here_028/1/*.png|Jerry|Please sign here|請在這裡簽名|請 這 簽名
Jerry_Please_sign_here_029|Jerry_Please_sign_here_029/1/*.png|Jerry|Please sign here|請在這裡簽名|請 這 簽名
Jerry_Please_sign_here_030|Jerry_Please_sign_here_030/1/*.png|Jerry|Please sign here|請在這裡簽名|請 這 簽名
Jerry_Please_sign_here_031|Jerry_Please_sign_here_031/1/*.png|Jerry|Please sign here|請在這裡簽名|請 這 簽名
Jerry_Please_sign_here_032|Jerry_Please_sign_here_032/1/*.png|Jerry|Please sign here|請在這裡簽名|請 這 簽名
Jerry_Please_sign_here_033|Jerry_Please_sign_here_033/1/*.png|Jerry|Please sign here|請在這裡簽名|請 這 簽名
Jerry_Please_sign_here_034|Jerry_Please_sign_here_034/1/*.png|Jerry|Please sign here|請在這裡簽名|請 這 簽名
Jerry_Please_sign_here_035|Jerry_Please_sign_here_035/1/*.png|Jerry|Please sign here|請在這裡簽名|請 這 簽名
Leo_Please_sign_here_001|Leo_Please_sign_here_001/1/*.png|Leo|Please sign here|請在這裡簽名|請 這 簽名
Leo_Please_sign_here_002|Leo_Please_sign_here_002/1/*.png|Leo|Please sign here|請在這裡簽名|請 這 簽名
Leo_Please_sign_here_003|Leo_Please_sign_here_003/1/*.png|Leo|Please sign here|請在這裡簽名|請 這 簽名
Leo_Please_sign_here_004|Leo_Please_sign_here_004/1/*.png|Leo|Please sign here|請在這裡簽名|請 這 簽名
Leo_Please_sign_here_005|Leo_Please_sign_here_005/1/*.png|Leo|Please sign here|請在這裡簽名|請 這 簽名
Leo_Please_sign_here_006|Leo_Please_sign_here_006/1/*.png|Leo|Please sign here|請在這裡簽名|請 這 簽名
Leo_Please_sign_here_007|Leo_Please_sign_here_007/1/*.png|Leo|Please sign here|請在這裡簽名|請 這 簽名
Leo_Please_sign_here_008|Leo_Please_sign_here_008/1/*.png|Leo|Please sign here|請在這裡簽名|請 這 簽名
Leo_Please_sign_here_009|Leo_Please_sign_here_009/1/*.png|Leo|Please sign here|請在這裡簽名|請 這 簽名
Leo_Please_sign_here_010|Leo_Please_sign_here_010/1/*.png|Leo|Please sign here|請在這裡簽名|請 這 簽名
Leo_Please_sign_here_011|Leo_Please_sign_here_011/1/*.png|Leo|Please sign here|請在這裡簽名|請 這 簽名
Leo_Please_sign_here_012|Leo_Please_sign_here_012/1/*.png|Leo|Please sign here|請在這裡簽名|請 這 簽名
Leo_Please_sign_here_013|Leo_Please_sign_here_013/1/*.png|Leo|Please sign here|請在這裡簽名|請 這 簽名
Leo_Please_sign_here_014|Leo_Please_sign_here_014/1/*.png|Leo|Please sign here|請在這裡簽名|請 這 簽名
Leo_Please_sign_here_015|Leo_Please_sign_here_015/1/*.png|Leo|Please sign here|請在這裡簽名|請 這 簽名
Leo_Please_sign_here_016|Leo_Please_sign_here_016/1/*.png|Leo|Please sign here|請在這裡簽名|請 這 簽名
Leo_Please_sign_here_017|Leo_Please_sign_here_017/1/*.png|Leo|Please sign here|請在這裡簽名|請 這 簽名
Leo_Please_sign_here_018|Leo_Please_sign_here_018/1/*.png|Leo|Please sign here|請在這裡簽名|請 這 簽名
Leo_Please_sign_here_019|Leo_Please_sign_here_019/1/*.png|Leo|Please sign here|請在這裡簽名|請 這 簽名
Leo_Please_sign_here_020|Leo_Please_sign_here_020/1/*.png|Leo|Please sign here|請在這裡簽名|請 這 簽名
Leo_Please_sign_here_021|Leo_Please_sign_here_021/1/*.png|Leo|Please sign here|請在這裡簽名|請 這 簽名
Leo_Please_sign_here_022|Leo_Please_sign_here_022/1/*.png|Leo|Please sign here|請在這裡簽名|請 這 簽名
Leo_Please_sign_here_023|Leo_Please_sign_here_023/1/*.png|Leo|Please sign here|請在這裡簽名|請 這 簽名
Leo_Please_sign_here_024|Leo_Please_sign_here_024/1/*.png|Leo|Please sign here|請在這裡簽名|請 這 簽名
Leo_Please_sign_here_025|Leo_Please_sign_here_025/1/*.png|Leo|Please sign here|請在這裡簽名|請 這 簽名
Leo_Please_sign_here_026|Leo_Please_sign_here_026/1/*.png|Leo|Please sign here|請在這裡簽名|請 這 簽名
Leo_Please_sign_here_027|Leo_Please_sign_here_027/1/*.png|Leo|Please sign here|請在這裡簽名|請 這 簽名
Leo_Please_sign_here_028|Leo_Please_sign_here_028/1/*.png|Leo|Please sign here|請在這裡簽名|請 這 簽名
Leo_Please_sign_here_029|Leo_Please_sign_here_029/1/*.png|Leo|Please sign here|請在這裡簽名|請 這 簽名
Leo_Please_sign_here_030|Leo_Please_sign_here_030/1/*.png|Leo|Please sign here|請在這裡簽名|請 這 簽名
Leo_Please_sign_here_031|Leo_Please_sign_here_031/1/*.png|Leo|Please sign here|請在這裡簽名|請 這 簽名
Leo_Please_sign_here_032|Leo_Please_sign_here_032/1/*.png|Leo|Please sign here|請在這裡簽名|請 這 簽名
Leo_Please_sign_here_033|Leo_Please_sign_here_033/1/*.png|Leo|Please sign here|請在這裡簽名|請 這 簽名
Leo_Please_sign_here_034|Leo_Please_sign_here_034/1/*.png|Leo|Please sign here|請在這裡簽名|請 這 簽名
Leo_Please_sign_here_035|Leo_Please_sign_here_035/1/*.png|Leo|Please sign here|請在這裡簽名|請 這 簽名
Alex_Thank_you_for_helping_me_001|Alex_Thank_you_for_helping_me_001/1/*.png|Alex|Thank you for helping me|謝謝你幫助我|謝謝 你 幫忙
Alex_Thank_you_for_helping_me_002|Alex_Thank_you_for_helping_me_002/1/*.png|Alex|Thank you for helping me|謝謝你幫助我|謝謝 你 幫忙
Alex_Thank_you_for_helping_me_003|Alex_Thank_you_for_helping_me_003/1/*.png|Alex|Thank you for helping me|謝謝你幫助我|謝謝 你 幫忙
Alex_Thank_you_for_helping_me_004|Alex_Thank_you_for_helping_me_004/1/*.png|Alex|Thank you for helping me|謝謝你幫助我|謝謝 你 幫忙
Alex_Thank_you_for_helping_me_005|Alex_Thank_you_for_helping_me_005/1/*.png|Alex|Thank you for helping me|謝謝你幫助我|謝謝 你 幫忙
Alex_Thank_you_for_helping_me_006|Alex_Thank_you_for_helping_me_006/1/*.png|Alex|Thank you for helping me|謝謝你幫助我|謝謝 你 幫忙
Alex_Thank_you_for_helping_me_007|Alex_Thank_you_for_helping_me_007/1/*.png|Alex|Thank you for helping me|謝謝你幫助我|謝謝 你 幫忙
Alex_Thank_you_for_helping_me_008|Alex_Thank_you_for_helping_me_008/1/*.png|Alex|Thank you for helping me|謝謝你幫助我|謝謝 你 幫忙
Alex_Thank_you_for_helping_me_009|Alex_Thank_you_for_helping_me_009/1/*.png|Alex|Thank you for helping me|謝謝你幫助我|謝謝 你 幫忙
Alex_Thank_you_for_helping_me_010|Alex_Thank_you_for_helping_me_010/1/*.png|Alex|Thank you for helping me|謝謝你幫助我|謝謝 你 幫忙
Alex_Thank_you_for_helping_me_011|Alex_Thank_you_for_helping_me_011/1/*.png|Alex|Thank you for helping me|謝謝你幫助我|謝謝 你 幫忙
Alex_Thank_you_for_helping_me_012|Alex_Thank_you_for_helping_me_012/1/*.png|Alex|Thank you for helping me|謝謝你幫助我|謝謝 你 幫忙
Alex_Thank_you_for_helping_me_013|Alex_Thank_you_for_helping_me_013/1/*.png|Alex|Thank you for helping me|謝謝你幫助我|謝謝 你 幫忙
Alex_Thank_you_for_helping_me_014|Alex_Thank_you_for_helping_me_014/1/*.png|Alex|Thank you for helping me|謝謝你幫助我|謝謝 你 幫忙
Alex_Thank_you_for_helping_me_015|Alex_Thank_you_for_helping_me_015/1/*.png|Alex|Thank you for helping me|謝謝你幫助我|謝謝 你 幫忙
Alex_Thank_you_for_helping_me_016|Alex_Thank_you_for_helping_me_016/1/*.png|Alex|Thank you for helping me|謝謝你幫助我|謝謝 你 幫忙
Alex_Thank_you_for_helping_me_017|Alex_Thank_you_for_helping_me_017/1/*.png|Alex|Thank you for helping me|謝謝你幫助我|謝謝 你 幫忙
Alex_Thank_you_for_helping_me_018|Alex_Thank_you_for_helping_me_018/1/*.png|Alex|Thank you for helping me|謝謝你幫助我|謝謝 你 幫忙
Alex_Thank_you_for_helping_me_019|Alex_Thank_you_for_helping_me_019/1/*.png|Alex|Thank you for helping me|謝謝你幫助我|謝謝 你 幫忙
Alex_Thank_you_for_helping_me_020|Alex_Thank_you_for_helping_me_020/1/*.png|Alex|Thank you for helping me|謝謝你幫助我|謝謝 你 幫忙
Alex_Thank_you_for_helping_me_021|Alex_Thank_you_for_helping_me_021/1/*.png|Alex|Thank you for helping me|謝謝你幫助我|謝謝 你 幫忙
Alex_Thank_you_for_helping_me_022|Alex_Thank_you_for_helping_me_022/1/*.png|Alex|Thank you for helping me|謝謝你幫助我|謝謝 你 幫忙
Alex_Thank_you_for_helping_me_023|Alex_Thank_you_for_helping_me_023/1/*.png|Alex|Thank you for helping me|謝謝你幫助我|謝謝 你 幫忙
Alex_Thank_you_for_helping_me_024|Alex_Thank_you_for_helping_me_024/1/*.png|Alex|Thank you for helping me|謝謝你幫助我|謝謝 你 幫忙
Alex_Thank_you_for_helping_me_025|Alex_Thank_you_for_helping_me_025/1/*.png|Alex|Thank you for helping me|謝謝你幫助我|謝謝 你 幫忙
Alex_Thank_you_for_helping_me_026|Alex_Thank_you_for_helping_me_026/1/*.png|Alex|Thank you for helping me|謝謝你幫助我|謝謝 你 幫忙
Alex_Thank_you_for_helping_me_027|Alex_Thank_you_for_helping_me_027/1/*.png|Alex|Thank you for helping me|謝謝你幫助我|謝謝 你 幫忙
Alex_Thank_you_for_helping_me_028|Alex_Thank_you_for_helping_me_028/1/*.png|Alex|Thank you for helping me|謝謝你幫助我|謝謝 你 幫忙
Alex_Thank_you_for_helping_me_029|Alex_Thank_you_for_helping_me_029/1/*.png|Alex|Thank you for helping me|謝謝你幫助我|謝謝 你 幫忙
Alex_Thank_you_for_helping_me_030|Alex_Thank_you_for_helping_me_030/1/*.png|Alex|Thank you for helping me|謝謝你幫助我|謝謝 你 幫忙
Alex_Thank_you_for_helping_me_031|Alex_Thank_you_for_helping_me_031/1/*.png|Alex|Thank you for helping me|謝謝你幫助我|謝謝 你 幫忙
Alex_Thank_you_for_helping_me_032|Alex_Thank_you_for_helping_me_032/1/*.png|Alex|Thank you for helping me|謝謝你幫助我|謝謝 你 幫忙
Alex_Thank_you_for_helping_me_033|Alex_Thank_you_for_helping_me_033/1/*.png|Alex|Thank you for helping me|謝謝你幫助我|謝謝 你 幫忙
Alex_Thank_you_for_helping_me_034|Alex_Thank_you_for_helping_me_034/1/*.png|Alex|Thank you for helping me|謝謝你幫助我|謝謝 你 幫忙
Alex_Thank_you_for_helping_me_035|Alex_Thank_you_for_helping_me_035/1/*.png|Alex|Thank you for helping me|謝謝你幫助我|謝謝 你 幫忙
Auther_Thank_you_for_helping_me_001|Auther_Thank_you_for_helping_me_001/1/*.png|Auther|Thank you for helping me|謝謝你幫助我|謝謝 你 幫忙
Auther_Thank_you_for_helping_me_002|Auther_Thank_you_for_helping_me_002/1/*.png|Auther|Thank you for helping me|謝謝你幫助我|謝謝 你 幫忙
Auther_Thank_you_for_helping_me_003|Auther_Thank_you_for_helping_me_003/1/*.png|Auther|Thank you for helping me|謝謝你幫助我|謝謝 你 幫忙
Auther_Thank_you_for_helping_me_004|Auther_Thank_you_for_helping_me_004/1/*.png|Auther|Thank you for helping me|謝謝你幫助我|謝謝 你 幫忙
Auther_Thank_you_for_helping_me_005|Auther_Thank_you_for_helping_me_005/1/*.png|Auther|Thank you for helping me|謝謝你幫助我|謝謝 你 幫忙
Auther_Thank_you_for_helping_me_006|Auther_Thank_you_for_helping_me_006/1/*.png|Auther|Thank you for helping me|謝謝你幫助我|謝謝 你 幫忙
Auther_Thank_you_for_helping_me_007|Auther_Thank_you_for_helping_me_007/1/*.png|Auther|Thank you for helping me|謝謝你幫助我|謝謝 你 幫忙
Auther_Thank_you_for_helping_me_008|Auther_Thank_you_for_helping_me_008/1/*.png|Auther|Thank you for helping me|謝謝你幫助我|謝謝 你 幫忙
Auther_Thank_you_for_helping_me_009|Auther_Thank_you_for_helping_me_009/1/*.png|Auther|Thank you for helping me|謝謝你幫助我|謝謝 你 幫忙
Auther_Thank_you_for_helping_me_010|Auther_Thank_you_for_helping_me_010/1/*.png|Auther|Thank you for helping me|謝謝你幫助我|謝謝 你 幫忙
Auther_Thank_you_for_helping_me_011|Auther_Thank_you_for_helping_me_011/1/*.png|Auther|Thank you for helping me|謝謝你幫助我|謝謝 你 幫忙
Auther_Thank_you_for_helping_me_012|Auther_Thank_you_for_helping_me_012/1/*.png|Auther|Thank you for helping me|謝謝你幫助我|謝謝 你 幫忙
Auther_Thank_you_for_helping_me_013|Auther_Thank_you_for_helping_me_013/1/*.png|Auther|Thank you for helping me|謝謝你幫助我|謝謝 你 幫忙
Auther_Thank_you_for_helping_me_014|Auther_Thank_you_for_helping_me_014/1/*.png|Auther|Thank you for helping me|謝謝你幫助我|謝謝 你 幫忙
Auther_Thank_you_for_helping_me_015|Auther_Thank_you_for_helping_me_015/1/*.png|Auther|Thank you for helping me|謝謝你幫助我|謝謝 你 幫忙
Auther_Thank_you_for_helping_me_016|Auther_Thank_you_for_helping_me_016/1/*.png|Auther|Thank you for helping me|謝謝你幫助我|謝謝 你 幫忙
Auther_Thank_you_for_helping_me_017|Auther_Thank_you_for_helping_me_017/1/*.png|Auther|Thank you for helping me|謝謝你幫助我|謝謝 你 幫忙
Auther_Thank_you_for_helping_me_018|Auther_Thank_you_for_helping_me_018/1/*.png|Auther|Thank you for helping me|謝謝你幫助我|謝謝 你 幫忙
Auther_Thank_you_for_helping_me_019|Auther_Thank_you_for_helping_me_019/1/*.png|Auther|Thank you for helping me|謝謝你幫助我|謝謝 你 幫忙
Auther_Thank_you_for_helping_me_020|Auther_Thank_you_for_helping_me_020/1/*.png|Auther|Thank you for helping me|謝謝你幫助我|謝謝 你 幫忙
Auther_Thank_you_for_helping_me_021|Auther_Thank_you_for_helping_me_021/1/*.png|Auther|Thank you for helping me|謝謝你幫助我|謝謝 你 幫忙
Auther_Thank_you_for_helping_me_022|Auther_Thank_you_for_helping_me_022/1/*.png|Auther|Thank you for helping me|謝謝你幫助我|謝謝 你 幫忙
Auther_Thank_you_for_helping_me_023|Auther_Thank_you_for_helping_me_023/1/*.png|Auther|Thank you for helping me|謝謝你幫助我|謝謝 你 幫忙
Auther_Thank_you_for_helping_me_024|Auther_Thank_you_for_helping_me_024/1/*.png|Auther|Thank you for helping me|謝謝你幫助我|謝謝 你 幫忙
Auther_Thank_you_for_helping_me_025|Auther_Thank_you_for_helping_me_025/1/*.png|Auther|Thank you for helping me|謝謝你幫助我|謝謝 你 幫忙
Auther_Thank_you_for_helping_me_026|Auther_Thank_you_for_helping_me_026/1/*.png|Auther|Thank you for helping me|謝謝你幫助我|謝謝 你 幫忙
Auther_Thank_you_for_helping_me_027|Auther_Thank_you_for_helping_me_027/1/*.png|Auther|Thank you for helping me|謝謝你幫助我|謝謝 你 幫忙
Auther_Thank_you_for_helping_me_028|Auther_Thank_you_for_helping_me_028/1/*.png|Auther|Thank you for helping me|謝謝你幫助我|謝謝 你 幫忙
Auther_Thank_you_for_helping_me_029|Auther_Thank_you_for_helping_me_029/1/*.png|Auther|Thank you for helping me|謝謝你幫助我|謝謝 你 幫忙
Auther_Thank_you_for_helping_me_030|Auther_Thank_you_for_helping_me_030/1/*.png|Auther|Thank you for helping me|謝謝你幫助我|謝謝 你 幫忙
Auther_Thank_you_for_helping_me_031|Auther_Thank_you_for_helping_me_031/1/*.png|Auther|Thank you for helping me|謝謝你幫助我|謝謝 你 幫忙
Auther_Thank_you_for_helping_me_032|Auther_Thank_you_for_helping_me_032/1/*.png|Auther|Thank you for helping me|謝謝你幫助我|謝謝 你 幫忙
Auther_Thank_you_for_helping_me_033|Auther_Thank_you_for_helping_me_033/1/*.png|Auther|Thank you for helping me|謝謝你幫助我|謝謝 你 幫忙
Auther_Thank_you_for_helping_me_034|Auther_Thank_you_for_helping_me_034/1/*.png|Auther|Thank you for helping me|謝謝你幫助我|謝謝 你 幫忙
Auther_Thank_you_for_helping_me_035|Auther_Thank_you_for_helping_me_035/1/*.png|Auther|Thank you for helping me|謝謝你幫助我|謝謝 你 幫忙
David_Thank_you_for_helping_me_001|David_Thank_you_for_helping_me_001/1/*.png|David|Thank you for helping me|謝謝你幫助我|謝謝 你 幫忙
David_Thank_you_for_helping_me_002|David_Thank_you_for_helping_me_002/1/*.png|David|Thank you for helping me|謝謝你幫助我|謝謝 你 幫忙
David_Thank_you_for_helping_me_003|David_Thank_you_for_helping_me_003/1/*.png|David|Thank you for helping me|謝謝你幫助我|謝謝 你 幫忙
David_Thank_you_for_helping_me_004|David_Thank_you_for_helping_me_004/1/*.png|David|Thank you for helping me|謝謝你幫助我|謝謝 你 幫忙
David_Thank_you_for_helping_me_005|David_Thank_you_for_helping_me_005/1/*.png|David|Thank you for helping me|謝謝你幫助我|謝謝 你 幫忙
David_Thank_you_for_helping_me_006|David_Thank_you_for_helping_me_006/1/*.png|David|Thank you for helping me|謝謝你幫助我|謝謝 你 幫忙
David_Thank_you_for_helping_me_007|David_Thank_you_for_helping_me_007/1/*.png|David|Thank you for helping me|謝謝你幫助我|謝謝 你 幫忙
David_Thank_you_for_helping_me_008|David_Thank_you_for_helping_me_008/1/*.png|David|Thank you for helping me|謝謝你幫助我|謝謝 你 幫忙
David_Thank_you_for_helping_me_009|David_Thank_you_for_helping_me_009/1/*.png|David|Thank you for helping me|謝謝你幫助我|謝謝 你 幫忙
David_Thank_you_for_helping_me_010|David_Thank_you_for_helping_me_010/1/*.png|David|Thank you for helping me|謝謝你幫助我|謝謝 你 幫忙
David_Thank_you_for_helping_me_011|David_Thank_you_for_helping_me_011/1/*.png|David|Thank you for helping me|謝謝你幫助我|謝謝 你 幫忙
David_Thank_you_for_helping_me_012|David_Thank_you_for_helping_me_012/1/*.png|David|Thank you for helping me|謝謝你幫助我|謝謝 你 幫忙
David_Thank_you_for_helping_me_013|David_Thank_you_for_helping_me_013/1/*.png|David|Thank you for helping me|謝謝你幫助我|謝謝 你 幫忙
David_Thank_you_for_helping_me_014|David_Thank_you_for_helping_me_014/1/*.png|David|Thank you for helping me|謝謝你幫助我|謝謝 你 幫忙
David_Thank_you_for_helping_me_015|David_Thank_you_for_helping_me_015/1/*.png|David|Thank you for helping me|謝謝你幫助我|謝謝 你 幫忙
David_Thank_you_for_helping_me_016|David_Thank_you_for_helping_me_016/1/*.png|David|Thank you for helping me|謝謝你幫助我|謝謝 你 幫忙
David_Thank_you_for_helping_me_017|David_Thank_you_for_helping_me_017/1/*.png|David|Thank you for helping me|謝謝你幫助我|謝謝 你 幫忙
David_Thank_you_for_helping_me_018|David_Thank_you_for_helping_me_018/1/*.png|David|Thank you for helping me|謝謝你幫助我|謝謝 你 幫忙
David_Thank_you_for_helping_me_019|David_Thank_you_for_helping_me_019/1/*.png|David|Thank you for helping me|謝謝你幫助我|謝謝 你 幫忙
David_Thank_you_for_helping_me_020|David_Thank_you_for_helping_me_020/1/*.png|David|Thank you for helping me|謝謝你幫助我|謝謝 你 幫忙
David_Thank_you_for_helping_me_021|David_Thank_you_for_helping_me_021/1/*.png|David|Thank you for helping me|謝謝你幫助我|謝謝 你 幫忙
David_Thank_you_for_helping_me_022|David_Thank_you_for_helping_me_022/1/*.png|David|Thank you for helping me|謝謝你幫助我|謝謝 你 幫忙
David_Thank_you_for_helping_me_023|David_Thank_you_for_helping_me_023/1/*.png|David|Thank you for helping me|謝謝你幫助我|謝謝 你 幫忙
David_Thank_you_for_helping_me_024|David_Thank_you_for_helping_me_024/1/*.png|David|Thank you for helping me|謝謝你幫助我|謝謝 你 幫忙
David_Thank_you_for_helping_me_025|David_Thank_you_for_helping_me_025/1/*.png|David|Thank you for helping me|謝謝你幫助我|謝謝 你 幫忙
David_Thank_you_for_helping_me_026|David_Thank_you_for_helping_me_026/1/*.png|David|Thank you for helping me|謝謝你幫助我|謝謝 你 幫忙
David_Thank_you_for_helping_me_027|David_Thank_you_for_helping_me_027/1/*.png|David|Thank you for helping me|謝謝你幫助我|謝謝 你 幫忙
David_Thank_you_for_helping_me_028|David_Thank_you_for_helping_me_028/1/*.png|David|Thank you for helping me|謝謝你幫助我|謝謝 你 幫忙
David_Thank_you_for_helping_me_029|David_Thank_you_for_helping_me_029/1/*.png|David|Thank you for helping me|謝謝你幫助我|謝謝 你 幫忙
David_Thank_you_for_helping_me_030|David_Thank_you_for_helping_me_030/1/*.png|David|Thank you for helping me|謝謝你幫助我|謝謝 你 幫忙
David_Thank_you_for_helping_me_031|David_Thank_you_for_helping_me_031/1/*.png|David|Thank you for helping me|謝謝你幫助我|謝謝 你 幫忙
David_Thank_you_for_helping_me_032|David_Thank_you_for_helping_me_032/1/*.png|David|Thank you for helping me|謝謝你幫助我|謝謝 你 幫忙
David_Thank_you_for_helping_me_033|David_Thank_you_for_helping_me_033/1/*.png|David|Thank you for helping me|謝謝你幫助我|謝謝 你 幫忙
David_Thank_you_for_helping_me_034|David_Thank_you_for_helping_me_034/1/*.png|David|Thank you for helping me|謝謝你幫助我|謝謝 你 幫忙
David_Thank_you_for_helping_me_035|David_Thank_you_for_helping_me_035/1/*.png|David|Thank you for helping me|謝謝你幫助我|謝謝 你 幫忙
Jerry_Thank_you_for_helping_me_001|Jerry_Thank_you_for_helping_me_001/1/*.png|Jerry|Thank you for helping me|謝謝你幫助我|謝謝 你 幫忙
Jerry_Thank_you_for_helping_me_002|Jerry_Thank_you_for_helping_me_002/1/*.png|Jerry|Thank you for helping me|謝謝你幫助我|謝謝 你 幫忙
Jerry_Thank_you_for_helping_me_003|Jerry_Thank_you_for_helping_me_003/1/*.png|Jerry|Thank you for helping me|謝謝你幫助我|謝謝 你 幫忙
Jerry_Thank_you_for_helping_me_004|Jerry_Thank_you_for_helping_me_004/1/*.png|Jerry|Thank you for helping me|謝謝你幫助我|謝謝 你 幫忙
Jerry_Thank_you_for_helping_me_005|Jerry_Thank_you_for_helping_me_005/1/*.png|Jerry|Thank you for helping me|謝謝你幫助我|謝謝 你 幫忙
Jerry_Thank_you_for_helping_me_006|Jerry_Thank_you_for_helping_me_006/1/*.png|Jerry|Thank you for helping me|謝謝你幫助我|謝謝 你 幫忙
Jerry_Thank_you_for_helping_me_007|Jerry_Thank_you_for_helping_me_007/1/*.png|Jerry|Thank you for helping me|謝謝你幫助我|謝謝 你 幫忙
Jerry_Thank_you_for_helping_me_008|Jerry_Thank_you_for_helping_me_008/1/*.png|Jerry|Thank you for helping me|謝謝你幫助我|謝謝 你 幫忙
Jerry_Thank_you_for_helping_me_009|Jerry_Thank_you_for_helping_me_009/1/*.png|Jerry|Thank you for helping me|謝謝你幫助我|謝謝 你 幫忙
Jerry_Thank_you_for_helping_me_010|Jerry_Thank_you_for_helping_me_010/1/*.png|Jerry|Thank you for helping me|謝謝你幫助我|謝謝 你 幫忙
Jerry_Thank_you_for_helping_me_012|Jerry_Thank_you_for_helping_me_012/1/*.png|Jerry|Thank you for helping me|謝謝你幫助我|謝謝 你 幫忙
Jerry_Thank_you_for_helping_me_013|Jerry_Thank_you_for_helping_me_013/1/*.png|Jerry|Thank you for helping me|謝謝你幫助我|謝謝 你 幫忙
Jerry_Thank_you_for_helping_me_014|Jerry_Thank_you_for_helping_me_014/1/*.png|Jerry|Thank you for helping me|謝謝你幫助我|謝謝 你 幫忙
Jerry_Thank_you_for_helping_me_015|Jerry_Thank_you_for_helping_me_015/1/*.png|Jerry|Thank you for helping me|謝謝你幫助我|謝謝 你 幫忙
Jerry_Thank_you_for_helping_me_016|Jerry_Thank_you_for_helping_me_016/1/*.png|Jerry|Thank you for helping me|謝謝你幫助我|謝謝 你 幫忙
Jerry_Thank_you_for_helping_me_017|Jerry_Thank_you_for_helping_me_017/1/*.png|Jerry|Thank you for helping me|謝謝你幫助我|謝謝 你 幫忙
Jerry_Thank_you_for_helping_me_018|Jerry_Thank_you_for_helping_me_018/1/*.png|Jerry|Thank you for helping me|謝謝你幫助我|謝謝 你 幫忙
Jerry_Thank_you_for_helping_me_019|Jerry_Thank_you_for_helping_me_019/1/*.png|Jerry|Thank you for helping me|謝謝你幫助我|謝謝 你 幫忙
Jerry_Thank_you_for_helping_me_020|Jerry_Thank_you_for_helping_me_020/1/*.png|Jerry|Thank you for helping me|謝謝你幫助我|謝謝 你 幫忙
Jerry_Thank_you_for_helping_me_021|Jerry_Thank_you_for_helping_me_021/1/*.png|Jerry|Thank you for helping me|謝謝你幫助我|謝謝 你 幫忙
Jerry_Thank_you_for_helping_me_022|Jerry_Thank_you_for_helping_me_022/1/*.png|Jerry|Thank you for helping me|謝謝你幫助我|謝謝 你 幫忙
Jerry_Thank_you_for_helping_me_023|Jerry_Thank_you_for_helping_me_023/1/*.png|Jerry|Thank you for helping me|謝謝你幫助我|謝謝 你 幫忙
Jerry_Thank_you_for_helping_me_024|Jerry_Thank_you_for_helping_me_024/1/*.png|Jerry|Thank you for helping me|謝謝你幫助我|謝謝 你 幫忙
Jerry_Thank_you_for_helping_me_025|Jerry_Thank_you_for_helping_me_025/1/*.png|Jerry|Thank you for helping me|謝謝你幫助我|謝謝 你 幫忙
Jerry_Thank_you_for_helping_me_026|Jerry_Thank_you_for_helping_me_026/1/*.png|Jerry|Thank you for helping me|謝謝你幫助我|謝謝 你 幫忙
Jerry_Thank_you_for_helping_me_027|Jerry_Thank_you_for_helping_me_027/1/*.png|Jerry|Thank you for helping me|謝謝你幫助我|謝謝 你 幫忙
Jerry_Thank_you_for_helping_me_028|Jerry_Thank_you_for_helping_me_028/1/*.png|Jerry|Thank you for helping me|謝謝你幫助我|謝謝 你 幫忙
Jerry_Thank_you_for_helping_me_029|Jerry_Thank_you_for_helping_me_029/1/*.png|Jerry|Thank you for helping me|謝謝你幫助我|謝謝 你 幫忙
Jerry_Thank_you_for_helping_me_030|Jerry_Thank_you_for_helping_me_030/1/*.png|Jerry|Thank you for helping me|謝謝你幫助我|謝謝 你 幫忙
Jerry_Thank_you_for_helping_me_031|Jerry_Thank_you_for_helping_me_031/1/*.png|Jerry|Thank you for helping me|謝謝你幫助我|謝謝 你 幫忙
Jerry_Thank_you_for_helping_me_032|Jerry_Thank_you_for_helping_me_032/1/*.png|Jerry|Thank you for helping me|謝謝你幫助我|謝謝 你 幫忙
Jerry_Thank_you_for_helping_me_033|Jerry_Thank_you_for_helping_me_033/1/*.png|Jerry|Thank you for helping me|謝謝你幫助我|謝謝 你 幫忙
Jerry_Thank_you_for_helping_me_034|Jerry_Thank_you_for_helping_me_034/1/*.png|Jerry|Thank you for helping me|謝謝你幫助我|謝謝 你 幫忙
Jerry_Thank_you_for_helping_me_035|Jerry_Thank_you_for_helping_me_035/1/*.png|Jerry|Thank you for helping me|謝謝你幫助我|謝謝 你 幫忙
Leo_Thank_you_for_helping_me_001|Leo_Thank_you_for_helping_me_001/1/*.png|Leo|Thank you for helping me|謝謝你幫助我|謝謝 你 幫忙
Leo_Thank_you_for_helping_me_002|Leo_Thank_you_for_helping_me_002/1/*.png|Leo|Thank you for helping me|謝謝你幫助我|謝謝 你 幫忙
Leo_Thank_you_for_helping_me_003|Leo_Thank_you_for_helping_me_003/1/*.png|Leo|Thank you for helping me|謝謝你幫助我|謝謝 你 幫忙
Leo_Thank_you_for_helping_me_004|Leo_Thank_you_for_helping_me_004/1/*.png|Leo|Thank you for helping me|謝謝你幫助我|謝謝 你 幫忙
Leo_Thank_you_for_helping_me_005|Leo_Thank_you_for_helping_me_005/1/*.png|Leo|Thank you for helping me|謝謝你幫助我|謝謝 你 幫忙
Leo_Thank_you_for_helping_me_006|Leo_Thank_you_for_helping_me_006/1/*.png|Leo|Thank you for helping me|謝謝你幫助我|謝謝 你 幫忙
Leo_Thank_you_for_helping_me_007|Leo_Thank_you_for_helping_me_007/1/*.png|Leo|Thank you for helping me|謝謝你幫助我|謝謝 你 幫忙
Leo_Thank_you_for_helping_me_008|Leo_Thank_you_for_helping_me_008/1/*.png|Leo|Thank you for helping me|謝謝你幫助我|謝謝 你 幫忙
Leo_Thank_you_for_helping_me_009|Leo_Thank_you_for_helping_me_009/1/*.png|Leo|Thank you for helping me|謝謝你幫助我|謝謝 你 幫忙
Leo_Thank_you_for_helping_me_010|Leo_Thank_you_for_helping_me_010/1/*.png|Leo|Thank you for helping me|謝謝你幫助我|謝謝 你 幫忙
Leo_Thank_you_for_helping_me_011|Leo_Thank_you_for_helping_me_011/1/*.png|Leo|Thank you for helping me|謝謝你幫助我|謝謝 你 幫忙
Leo_Thank_you_for_helping_me_012|Leo_Thank_you_for_helping_me_012/1/*.png|Leo|Thank you for helping me|謝謝你幫助我|謝謝 你 幫忙
Leo_Thank_you_for_helping_me_013|Leo_Thank_you_for_helping_me_013/1/*.png|Leo|Thank you for helping me|謝謝你幫助我|謝謝 你 幫忙
Leo_Thank_you_for_helping_me_014|Leo_Thank_you_for_helping_me_014/1/*.png|Leo|Thank you for helping me|謝謝你幫助我|謝謝 你 幫忙
Leo_Thank_you_for_helping_me_015|Leo_Thank_you_for_helping_me_015/1/*.png|Leo|Thank you for helping me|謝謝你幫助我|謝謝 你 幫忙
Leo_Thank_you_for_helping_me_016|Leo_Thank_you_for_helping_me_016/1/*.png|Leo|Thank you for helping me|謝謝你幫助我|謝謝 你 幫忙
Leo_Thank_you_for_helping_me_017|Leo_Thank_you_for_helping_me_017/1/*.png|Leo|Thank you for helping me|謝謝你幫助我|謝謝 你 幫忙
Leo_Thank_you_for_helping_me_018|Leo_Thank_you_for_helping_me_018/1/*.png|Leo|Thank you for helping me|謝謝你幫助我|謝謝 你 幫忙
Leo_Thank_you_for_helping_me_019|Leo_Thank_you_for_helping_me_019/1/*.png|Leo|Thank you for helping me|謝謝你幫助我|謝謝 你 幫忙
Leo_Thank_you_for_helping_me_020|Leo_Thank_you_for_helping_me_020/1/*.png|Leo|Thank you for helping me|謝謝你幫助我|謝謝 你 幫忙
Leo_Thank_you_for_helping_me_021|Leo_Thank_you_for_helping_me_021/1/*.png|Leo|Thank you for helping me|謝謝你幫助我|謝謝 你 幫忙
Leo_Thank_you_for_helping_me_022|Leo_Thank_you_for_helping_me_022/1/*.png|Leo|Thank you for helping me|謝謝你幫助我|謝謝 你 幫忙
Leo_Thank_you_for_helping_me_023|Leo_Thank_you_for_helping_me_023/1/*.png|Leo|Thank you for helping me|謝謝你幫助我|謝謝 你 幫忙
Leo_Thank_you_for_helping_me_024|Leo_Thank_you_for_helping_me_024/1/*.png|Leo|Thank you for helping me|謝謝你幫助我|謝謝 你 幫忙
Leo_Thank_you_for_helping_me_025|Leo_Thank_you_for_helping_me_025/1/*.png|Leo|Thank you for helping me|謝謝你幫助我|謝謝 你 幫忙
Leo_Thank_you_for_helping_me_026|Leo_Thank_you_for_helping_me_026/1/*.png|Leo|Thank you for helping me|謝謝你幫助我|謝謝 你 幫忙
Leo_Thank_you_for_helping_me_027|Leo_Thank_you_for_helping_me_027/1/*.png|Leo|Thank you for helping me|謝謝你幫助我|謝謝 你 幫忙
Leo_Thank_you_for_helping_me_028|Leo_Thank_you_for_helping_me_028/1/*.png|Leo|Thank you for helping me|謝謝你幫助我|謝謝 你 幫忙
Leo_Thank_you_for_helping_me_029|Leo_Thank_you_for_helping_me_029/1/*.png|Leo|Thank you for helping me|謝謝你幫助我|謝謝 你 幫忙
Leo_Thank_you_for_helping_me_030|Leo_Thank_you_for_helping_me_030/1/*.png|Leo|Thank you for helping me|謝謝你幫助我|謝謝 你 幫忙
Leo_Thank_you_for_helping_me_031|Leo_Thank_you_for_helping_me_031/1/*.png|Leo|Thank you for helping me|謝謝你幫助我|謝謝 你 幫忙
Leo_Thank_you_for_helping_me_032|Leo_Thank_you_for_helping_me_032/1/*.png|Leo|Thank you for helping me|謝謝你幫助我|謝謝 你 幫忙
Leo_Thank_you_for_helping_me_033|Leo_Thank_you_for_helping_me_033/1/*.png|Leo|Thank you for helping me|謝謝你幫助我|謝謝 你 幫忙
Leo_Thank_you_for_helping_me_034|Leo_Thank_you_for_helping_me_034/1/*.png|Leo|Thank you for helping me|謝謝你幫助我|謝謝 你 幫忙
Leo_Thank_you_for_helping_me_035|Leo_Thank_you_for_helping_me_035/1/*.png|Leo|Thank you for helping me|謝謝你幫助我|謝謝 你 幫忙
Alex_What_s_your_name_001|Alex_What_s_your_name_001/1/*.png|Alex|What's your name|你叫什麼名字|你 名字 什麼
Alex_What_s_your_name_002|Alex_What_s_your_name_002/1/*.png|Alex|What's your name|你叫什麼名字|你 名字 什麼
Alex_What_s_your_name_003|Alex_What_s_your_name_003/1/*.png|Alex|What's your name|你叫什麼名字|你 名字 什麼
Alex_What_s_your_name_004|Alex_What_s_your_name_004/1/*.png|Alex|What's your name|你叫什麼名字|你 名字 什麼
Alex_What_s_your_name_005|Alex_What_s_your_name_005/1/*.png|Alex|What's your name|你叫什麼名字|你 名字 什麼
Alex_What_s_your_name_006|Alex_What_s_your_name_006/1/*.png|Alex|What's your name|你叫什麼名字|你 名字 什麼
Alex_What_s_your_name_007|Alex_What_s_your_name_007/1/*.png|Alex|What's your name|你叫什麼名字|你 名字 什麼
Alex_What_s_your_name_008|Alex_What_s_your_name_008/1/*.png|Alex|What's your name|你叫什麼名字|你 名字 什麼
Alex_What_s_your_name_009|Alex_What_s_your_name_009/1/*.png|Alex|What's your name|你叫什麼名字|你 名字 什麼
Alex_What_s_your_name_010|Alex_What_s_your_name_010/1/*.png|Alex|What's your name|你叫什麼名字|你 名字 什麼
Alex_What_s_your_name_011|Alex_What_s_your_name_011/1/*.png|Alex|What's your name|你叫什麼名字|你 名字 什麼
Alex_What_s_your_name_012|Alex_What_s_your_name_012/1/*.png|Alex|What's your name|你叫什麼名字|你 名字 什麼
Alex_What_s_your_name_013|Alex_What_s_your_name_013/1/*.png|Alex|What's your name|你叫什麼名字|你 名字 什麼
Alex_What_s_your_name_014|Alex_What_s_your_name_014/1/*.png|Alex|What's your name|你叫什麼名字|你 名字 什麼
Alex_What_s_your_name_015|Alex_What_s_your_name_015/1/*.png|Alex|What's your name|你叫什麼名字|你 名字 什麼
Alex_What_s_your_name_016|Alex_What_s_your_name_016/1/*.png|Alex|What's your name|你叫什麼名字|你 名字 什麼
Alex_What_s_your_name_017|Alex_What_s_your_name_017/1/*.png|Alex|What's your name|你叫什麼名字|你 名字 什麼
Alex_What_s_your_name_018|Alex_What_s_your_name_018/1/*.png|Alex|What's your name|你叫什麼名字|你 名字 什麼
Alex_What_s_your_name_019|Alex_What_s_your_name_019/1/*.png|Alex|What's your name|你叫什麼名字|你 名字 什麼
Alex_What_s_your_name_020|Alex_What_s_your_name_020/1/*.png|Alex|What's your name|你叫什麼名字|你 名字 什麼
Alex_What_s_your_name_021|Alex_What_s_your_name_021/1/*.png|Alex|What's your name|你叫什麼名字|你 名字 什麼
Alex_What_s_your_name_022|Alex_What_s_your_name_022/1/*.png|Alex|What's your name|你叫什麼名字|你 名字 什麼
Alex_What_s_your_name_023|Alex_What_s_your_name_023/1/*.png|Alex|What's your name|你叫什麼名字|你 名字 什麼
Alex_What_s_your_name_024|Alex_What_s_your_name_024/1/*.png|Alex|What's your name|你叫什麼名字|你 名字 什麼
Alex_What_s_your_name_025|Alex_What_s_your_name_025/1/*.png|Alex|What's your name|你叫什麼名字|你 名字 什麼
Alex_What_s_your_name_026|Alex_What_s_your_name_026/1/*.png|Alex|What's your name|你叫什麼名字|你 名字 什麼
Alex_What_s_your_name_027|Alex_What_s_your_name_027/1/*.png|Alex|What's your name|你叫什麼名字|你 名字 什麼
Alex_What_s_your_name_028|Alex_What_s_your_name_028/1/*.png|Alex|What's your name|你叫什麼名字|你 名字 什麼
Alex_What_s_your_name_029|Alex_What_s_your_name_029/1/*.png|Alex|What's your name|你叫什麼名字|你 名字 什麼
Alex_What_s_your_name_030|Alex_What_s_your_name_030/1/*.png|Alex|What's your name|你叫什麼名字|你 名字 什麼
Alex_What_s_your_name_031|Alex_What_s_your_name_031/1/*.png|Alex|What's your name|你叫什麼名字|你 名字 什麼
Alex_What_s_your_name_032|Alex_What_s_your_name_032/1/*.png|Alex|What's your name|你叫什麼名字|你 名字 什麼
Alex_What_s_your_name_033|Alex_What_s_your_name_033/1/*.png|Alex|What's your name|你叫什麼名字|你 名字 什麼
Alex_What_s_your_name_034|Alex_What_s_your_name_034/1/*.png|Alex|What's your name|你叫什麼名字|你 名字 什麼
Alex_What_s_your_name_035|Alex_What_s_your_name_035/1/*.png|Alex|What's your name|你叫什麼名字|你 名字 什麼
Auther_What_s_your_name_001|Auther_What_s_your_name_001/1/*.png|Auther|What's your name|你叫什麼名字|你 名字 什麼
Auther_What_s_your_name_002|Auther_What_s_your_name_002/1/*.png|Auther|What's your name|你叫什麼名字|你 名字 什麼
Auther_What_s_your_name_003|Auther_What_s_your_name_003/1/*.png|Auther|What's your name|你叫什麼名字|你 名字 什麼
Auther_What_s_your_name_004|Auther_What_s_your_name_004/1/*.png|Auther|What's your name|你叫什麼名字|你 名字 什麼
Auther_What_s_your_name_005|Auther_What_s_your_name_005/1/*.png|Auther|What's your name|你叫什麼名字|你 名字 什麼
Auther_What_s_your_name_006|Auther_What_s_your_name_006/1/*.png|Auther|What's your name|你叫什麼名字|你 名字 什麼
Auther_What_s_your_name_007|Auther_What_s_your_name_007/1/*.png|Auther|What's your name|你叫什麼名字|你 名字 什麼
Auther_What_s_your_name_008|Auther_What_s_your_name_008/1/*.png|Auther|What's your name|你叫什麼名字|你 名字 什麼
Auther_What_s_your_name_009|Auther_What_s_your_name_009/1/*.png|Auther|What's your name|你叫什麼名字|你 名字 什麼
Auther_What_s_your_name_010|Auther_What_s_your_name_010/1/*.png|Auther|What's your name|你叫什麼名字|你 名字 什麼
Auther_What_s_your_name_011|Auther_What_s_your_name_011/1/*.png|Auther|What's your name|你叫什麼名字|你 名字 什麼
Auther_What_s_your_name_012|Auther_What_s_your_name_012/1/*.png|Auther|What's your name|你叫什麼名字|你 名字 什麼
Auther_What_s_your_name_013|Auther_What_s_your_name_013/1/*.png|Auther|What's your name|你叫什麼名字|你 名字 什麼
Auther_What_s_your_name_014|Auther_What_s_your_name_014/1/*.png|Auther|What's your name|你叫什麼名字|你 名字 什麼
Auther_What_s_your_name_015|Auther_What_s_your_name_015/1/*.png|Auther|What's your name|你叫什麼名字|你 名字 什麼
Auther_What_s_your_name_016|Auther_What_s_your_name_016/1/*.png|Auther|What's your name|你叫什麼名字|你 名字 什麼
Auther_What_s_your_name_017|Auther_What_s_your_name_017/1/*.png|Auther|What's your name|你叫什麼名字|你 名字 什麼
Auther_What_s_your_name_018|Auther_What_s_your_name_018/1/*.png|Auther|What's your name|你叫什麼名字|你 名字 什麼
Auther_What_s_your_name_019|Auther_What_s_your_name_019/1/*.png|Auther|What's your name|你叫什麼名字|你 名字 什麼
Auther_What_s_your_name_020|Auther_What_s_your_name_020/1/*.png|Auther|What's your name|你叫什麼名字|你 名字 什麼
Auther_What_s_your_name_021|Auther_What_s_your_name_021/1/*.png|Auther|What's your name|你叫什麼名字|你 名字 什麼
Auther_What_s_your_name_022|Auther_What_s_your_name_022/1/*.png|Auther|What's your name|你叫什麼名字|你 名字 什麼
Auther_What_s_your_name_023|Auther_What_s_your_name_023/1/*.png|Auther|What's your name|你叫什麼名字|你 名字 什麼
Auther_What_s_your_name_024|Auther_What_s_your_name_024/1/*.png|Auther|What's your name|你叫什麼名字|你 名字 什麼
Auther_What_s_your_name_025|Auther_What_s_your_name_025/1/*.png|Auther|What's your name|你叫什麼名字|你 名字 什麼
Auther_What_s_your_name_026|Auther_What_s_your_name_026/1/*.png|Auther|What's your name|你叫什麼名字|你 名字 什麼
Auther_What_s_your_name_027|Auther_What_s_your_name_027/1/*.png|Auther|What's your name|你叫什麼名字|你 名字 什麼
Auther_What_s_your_name_028|Auther_What_s_your_name_028/1/*.png|Auther|What's your name|你叫什麼名字|你 名字 什麼
Auther_What_s_your_name_029|Auther_What_s_your_name_029/1/*.png|Auther|What's your name|你叫什麼名字|你 名字 什麼
Auther_What_s_your_name_030|Auther_What_s_your_name_030/1/*.png|Auther|What's your name|你叫什麼名字|你 名字 什麼
Auther_What_s_your_name_031|Auther_What_s_your_name_031/1/*.png|Auther|What's your name|你叫什麼名字|你 名字 什麼
Auther_What_s_your_name_032|Auther_What_s_your_name_032/1/*.png|Auther|What's your name|你叫什麼名字|你 名字 什麼
Auther_What_s_your_name_033|Auther_What_s_your_name_033/1/*.png|Auther|What's your name|你叫什麼名字|你 名字 什麼
Auther_What_s_your_name_034|Auther_What_s_your_name_034/1/*.png|Auther|What's your name|你叫什麼名字|你 名字 什麼
Auther_What_s_your_name_035|Auther_What_s_your_name_035/1/*.png|Auther|What's your name|你叫什麼名字|你 名字 什麼
David_What_s_your_name_001|David_What_s_your_name_001/1/*.png|David|What's your name|你叫什麼名字|你 名字 什麼
David_What_s_your_name_002|David_What_s_your_name_002/1/*.png|David|What's your name|你叫什麼名字|你 名字 什麼
David_What_s_your_name_003|David_What_s_your_name_003/1/*.png|David|What's your name|你叫什麼名字|你 名字 什麼
David_What_s_your_name_004|David_What_s_your_name_004/1/*.png|David|What's your name|你叫什麼名字|你 名字 什麼
David_What_s_your_name_005|David_What_s_your_name_005/1/*.png|David|What's your name|你叫什麼名字|你 名字 什麼
David_What_s_your_name_006|David_What_s_your_name_006/1/*.png|David|What's your name|你叫什麼名字|你 名字 什麼
David_What_s_your_name_007|David_What_s_your_name_007/1/*.png|David|What's your name|你叫什麼名字|你 名字 什麼
David_What_s_your_name_008|David_What_s_your_name_008/1/*.png|David|What's your name|你叫什麼名字|你 名字 什麼
David_What_s_your_name_009|David_What_s_your_name_009/1/*.png|David|What's your name|你叫什麼名字|你 名字 什麼
David_What_s_your_name_010|David_What_s_your_name_010/1/*.png|David|What's your name|你叫什麼名字|你 名字 什麼
David_What_s_your_name_011|David_What_s_your_name_011/1/*.png|David|What's your name|你叫什麼名字|你 名字 什麼
David_What_s_your_name_012|David_What_s_your_name_012/1/*.png|David|What's your name|你叫什麼名字|你 名字 什麼
David_What_s_your_name_013|David_What_s_your_name_013/1/*.png|David|What's your name|你叫什麼名字|你 名字 什麼
David_What_s_your_name_014|David_What_s_your_name_014/1/*.png|David|What's your name|你叫什麼名字|你 名字 什麼
David_What_s_your_name_015|David_What_s_your_name_015/1/*.png|David|What's your name|你叫什麼名字|你 名字 什麼
David_What_s_your_name_016|David_What_s_your_name_016/1/*.png|David|What's your name|你叫什麼名字|你 名字 什麼
David_What_s_your_name_017|David_What_s_your_name_017/1/*.png|David|What's your name|你叫什麼名字|你 名字 什麼
David_What_s_your_name_018|David_What_s_your_name_018/1/*.png|David|What's your name|你叫什麼名字|你 名字 什麼
David_What_s_your_name_019|David_What_s_your_name_019/1/*.png|David|What's your name|你叫什麼名字|你 名字 什麼
David_What_s_your_name_020|David_What_s_your_name_020/1/*.png|David|What's your name|你叫什麼名字|你 名字 什麼
David_What_s_your_name_021|David_What_s_your_name_021/1/*.png|David|What's your name|你叫什麼名字|你 名字 什麼
David_What_s_your_name_022|David_What_s_your_name_022/1/*.png|David|What's your name|你叫什麼名字|你 名字 什麼
David_What_s_your_name_023|David_What_s_your_name_023/1/*.png|David|What's your name|你叫什麼名字|你 名字 什麼
David_What_s_your_name_024|David_What_s_your_name_024/1/*.png|David|What's your name|你叫什麼名字|你 名字 什麼
David_What_s_your_name_025|David_What_s_your_name_025/1/*.png|David|What's your name|你叫什麼名字|你 名字 什麼
David_What_s_your_name_026|David_What_s_your_name_026/1/*.png|David|What's your name|你叫什麼名字|你 名字 什麼
David_What_s_your_name_027|David_What_s_your_name_027/1/*.png|David|What's your name|你叫什麼名字|你 名字 什麼
David_What_s_your_name_028|David_What_s_your_name_028/1/*.png|David|What's your name|你叫什麼名字|你 名字 什麼
David_What_s_your_name_029|David_What_s_your_name_029/1/*.png|David|What's your name|你叫什麼名字|你 名字 什麼
David_What_s_your_name_030|David_What_s_your_name_030/1/*.png|David|What's your name|你叫什麼名字|你 名字 什麼
David_What_s_your_name_031|David_What_s_your_name_031/1/*.png|David|What's your name|你叫什麼名字|你 名字 什麼
David_What_s_your_name_032|David_What_s_your_name_032/1/*.png|David|What's your name|你叫什麼名字|你 名字 什麼
David_What_s_your_name_033|David_What_s_your_name_033/1/*.png|David|What's your name|你叫什麼名字|你 名字 什麼
David_What_s_your_name_034|David_What_s_your_name_034/1/*.png|David|What's your name|你叫什麼名字|你 名字 什麼
Jerry_What_s_your_name_001|Jerry_What_s_your_name_001/1/*.png|Jerry|What's your name|你叫什麼名字|你 名字 什麼
Jerry_What_s_your_name_002|Jerry_What_s_your_name_002/1/*.png|Jerry|What's your name|你叫什麼名字|你 名字 什麼
Jerry_What_s_your_name_003|Jerry_What_s_your_name_003/1/*.png|Jerry|What's your name|你叫什麼名字|你 名字 什麼
Jerry_What_s_your_name_004|Jerry_What_s_your_name_004/1/*.png|Jerry|What's your name|你叫什麼名字|你 名字 什麼
Jerry_What_s_your_name_005|Jerry_What_s_your_name_005/1/*.png|Jerry|What's your name|你叫什麼名字|你 名字 什麼
Jerry_What_s_your_name_006|Jerry_What_s_your_name_006/1/*.png|Jerry|What's your name|你叫什麼名字|你 名字 什麼
Jerry_What_s_your_name_007|Jerry_What_s_your_name_007/1/*.png|Jerry|What's your name|你叫什麼名字|你 名字 什麼
Jerry_What_s_your_name_008|Jerry_What_s_your_name_008/1/*.png|Jerry|What's your name|你叫什麼名字|你 名字 什麼
Jerry_What_s_your_name_009|Jerry_What_s_your_name_009/1/*.png|Jerry|What's your name|你叫什麼名字|你 名字 什麼
Jerry_What_s_your_name_010|Jerry_What_s_your_name_010/1/*.png|Jerry|What's your name|你叫什麼名字|你 名字 什麼
Jerry_What_s_your_name_011|Jerry_What_s_your_name_011/1/*.png|Jerry|What's your name|你叫什麼名字|你 名字 什麼
Jerry_What_s_your_name_012|Jerry_What_s_your_name_012/1/*.png|Jerry|What's your name|你叫什麼名字|你 名字 什麼
Jerry_What_s_your_name_013|Jerry_What_s_your_name_013/1/*.png|Jerry|What's your name|你叫什麼名字|你 名字 什麼
Jerry_What_s_your_name_014|Jerry_What_s_your_name_014/1/*.png|Jerry|What's your name|你叫什麼名字|你 名字 什麼
Jerry_What_s_your_name_015|Jerry_What_s_your_name_015/1/*.png|Jerry|What's your name|你叫什麼名字|你 名字 什麼
Jerry_What_s_your_name_016|Jerry_What_s_your_name_016/1/*.png|Jerry|What's your name|你叫什麼名字|你 名字 什麼
Jerry_What_s_your_name_017|Jerry_What_s_your_name_017/1/*.png|Jerry|What's your name|你叫什麼名字|你 名字 什麼
Jerry_What_s_your_name_018|Jerry_What_s_your_name_018/1/*.png|Jerry|What's your name|你叫什麼名字|你 名字 什麼
Jerry_What_s_your_name_019|Jerry_What_s_your_name_019/1/*.png|Jerry|What's your name|你叫什麼名字|你 名字 什麼
Jerry_What_s_your_name_020|Jerry_What_s_your_name_020/1/*.png|Jerry|What's your name|你叫什麼名字|你 名字 什麼
Jerry_What_s_your_name_021|Jerry_What_s_your_name_021/1/*.png|Jerry|What's your name|你叫什麼名字|你 名字 什麼
Jerry_What_s_your_name_022|Jerry_What_s_your_name_022/1/*.png|Jerry|What's your name|你叫什麼名字|你 名字 什麼
Jerry_What_s_your_name_023|Jerry_What_s_your_name_023/1/*.png|Jerry|What's your name|你叫什麼名字|你 名字 什麼
Jerry_What_s_your_name_024|Jerry_What_s_your_name_024/1/*.png|Jerry|What's your name|你叫什麼名字|你 名字 什麼
Jerry_What_s_your_name_025|Jerry_What_s_your_name_025/1/*.png|Jerry|What's your name|你叫什麼名字|你 名字 什麼
Jerry_What_s_your_name_026|Jerry_What_s_your_name_026/1/*.png|Jerry|What's your name|你叫什麼名字|你 名字 什麼
Jerry_What_s_your_name_027|Jerry_What_s_your_name_027/1/*.png|Jerry|What's your name|你叫什麼名字|你 名字 什麼
Jerry_What_s_your_name_028|Jerry_What_s_your_name_028/1/*.png|Jerry|What's your name|你叫什麼名字|你 名字 什麼
Jerry_What_s_your_name_029|Jerry_What_s_your_name_029/1/*.png|Jerry|What's your name|你叫什麼名字|你 名字 什麼
Jerry_What_s_your_name_030|Jerry_What_s_your_name_030/1/*.png|Jerry|What's your name|你叫什麼名字|你 名字 什麼
Jerry_What_s_your_name_031|Jerry_What_s_your_name_031/1/*.png|Jerry|What's your name|你叫什麼名字|你 名字 什麼
Jerry_What_s_your_name_032|Jerry_What_s_your_name_032/1/*.png|Jerry|What's your name|你叫什麼名字|你 名字 什麼
Jerry_What_s_your_name_033|Jerry_What_s_your_name_033/1/*.png|Jerry|What's your name|你叫什麼名字|你 名字 什麼
Jerry_What_s_your_name_034|Jerry_What_s_your_name_034/1/*.png|Jerry|What's your name|你叫什麼名字|你 名字 什麼
Jerry_What_s_your_name_035|Jerry_What_s_your_name_035/1/*.png|Jerry|What's your name|你叫什麼名字|你 名字 什麼
Leo_What_s_your_name_001|Leo_What_s_your_name_001/1/*.png|Leo|What's your name|你叫什麼名字|你 名字 什麼
Leo_What_s_your_name_002|Leo_What_s_your_name_002/1/*.png|Leo|What's your name|你叫什麼名字|你 名字 什麼
Leo_What_s_your_name_003|Leo_What_s_your_name_003/1/*.png|Leo|What's your name|你叫什麼名字|你 名字 什麼
Leo_What_s_your_name_004|Leo_What_s_your_name_004/1/*.png|Leo|What's your name|你叫什麼名字|你 名字 什麼
Leo_What_s_your_name_005|Leo_What_s_your_name_005/1/*.png|Leo|What's your name|你叫什麼名字|你 名字 什麼
Leo_What_s_your_name_006|Leo_What_s_your_name_006/1/*.png|Leo|What's your name|你叫什麼名字|你 名字 什麼
Leo_What_s_your_name_007|Leo_What_s_your_name_007/1/*.png|Leo|What's your name|你叫什麼名字|你 名字 什麼
Leo_What_s_your_name_008|Leo_What_s_your_name_008/1/*.png|Leo|What's your name|你叫什麼名字|你 名字 什麼
Leo_What_s_your_name_009|Leo_What_s_your_name_009/1/*.png|Leo|What's your name|你叫什麼名字|你 名字 什麼
Leo_What_s_your_name_010|Leo_What_s_your_name_010/1/*.png|Leo|What's your name|你叫什麼名字|你 名字 什麼
Leo_What_s_your_name_011|Leo_What_s_your_name_011/1/*.png|Leo|What's your name|你叫什麼名字|你 名字 什麼
Leo_What_s_your_name_012|Leo_What_s_your_name_012/1/*.png|Leo|What's your name|你叫什麼名字|你 名字 什麼
Leo_What_s_your_name_013|Leo_What_s_your_name_013/1/*.png|Leo|What's your name|你叫什麼名字|你 名字 什麼
Leo_What_s_your_name_014|Leo_What_s_your_name_014/1/*.png|Leo|What's your name|你叫什麼名字|你 名字 什麼
Leo_What_s_your_name_015|Leo_What_s_your_name_015/1/*.png|Leo|What's your name|你叫什麼名字|你 名字 什麼
Leo_What_s_your_name_016|Leo_What_s_your_name_016/1/*.png|Leo|What's your name|你叫什麼名字|你 名字 什麼
Leo_What_s_your_name_017|Leo_What_s_your_name_017/1/*.png|Leo|What's your name|你叫什麼名字|你 名字 什麼
Leo_What_s_your_name_018|Leo_What_s_your_name_018/1/*.png|Leo|What's your name|你叫什麼名字|你 名字 什麼
Leo_What_s_your_name_019|Leo_What_s_your_name_019/1/*.png|Leo|What's your name|你叫什麼名字|你 名字 什麼
Leo_What_s_your_name_020|Leo_What_s_your_name_020/1/*.png|Leo|What's your name|你叫什麼名字|你 名字 什麼
Leo_What_s_your_name_021|Leo_What_s_your_name_021/1/*.png|Leo|What's your name|你叫什麼名字|你 名字 什麼
Leo_What_s_your_name_022|Leo_What_s_your_name_022/1/*.png|Leo|What's your name|你叫什麼名字|你 名字 什麼
Leo_What_s_your_name_023|Leo_What_s_your_name_023/1/*.png|Leo|What's your name|你叫什麼名字|你 名字 什麼
Leo_What_s_your_name_024|Leo_What_s_your_name_024/1/*.png|Leo|What's your name|你叫什麼名字|你 名字 什麼
Leo_What_s_your_name_025|Leo_What_s_your_name_025/1/*.png|Leo|What's your name|你叫什麼名字|你 名字 什麼
Leo_What_s_your_name_026|Leo_What_s_your_name_026/1/*.png|Leo|What's your name|你叫什麼名字|你 名字 什麼
Leo_What_s_your_name_027|Leo_What_s_your_name_027/1/*.png|Leo|What's your name|你叫什麼名字|你 名字 什麼
Leo_What_s_your_name_028|Leo_What_s_your_name_028/1/*.png|Leo|What's your name|你叫什麼名字|你 名字 什麼
Leo_What_s_your_name_029|Leo_What_s_your_name_029/1/*.png|Leo|What's your name|你叫什麼名字|你 名字 什麼
Leo_What_s_your_name_030|Leo_What_s_your_name_030/1/*.png|Leo|What's your name|你叫什麼名字|你 名字 什麼
Leo_What_s_your_name_031|Leo_What_s_your_name_031/1/*.png|Leo|What's your name|你叫什麼名字|你 名字 什麼
Leo_What_s_your_name_032|Leo_What_s_your_name_032/1/*.png|Leo|What's your name|你叫什麼名字|你 名字 什麼
Leo_What_s_your_name_033|Leo_What_s_your_name_033/1/*.png|Leo|What's your name|你叫什麼名字|你 名字 什麼
Leo_What_s_your_name_034|Leo_What_s_your_name_034/1/*.png|Leo|What's your name|你叫什麼名字|你 名字 什麼
Leo_What_s_your_name_035|Leo_What_s_your_name_035/1/*.png|Leo|What's your name|你叫什麼名字|你 名字 什麼
Alex_Where_is_your_home_001|Alex_Where_is_your_home_001/1/*.png|Alex|Where is your home|你的家在哪裡|你 家 什麼 哪裡
Alex_Where_is_your_home_002|Alex_Where_is_your_home_002/1/*.png|Alex|Where is your home|你的家在哪裡|你 家 什麼 哪裡
Alex_Where_is_your_home_003|Alex_Where_is_your_home_003/1/*.png|Alex|Where is your home|你的家在哪裡|你 家 什麼 哪裡
Alex_Where_is_your_home_004|Alex_Where_is_your_home_004/1/*.png|Alex|Where is your home|你的家在哪裡|你 家 什麼 哪裡
Alex_Where_is_your_home_005|Alex_Where_is_your_home_005/1/*.png|Alex|Where is your home|你的家在哪裡|你 家 什麼 哪裡
Alex_Where_is_your_home_006|Alex_Where_is_your_home_006/1/*.png|Alex|Where is your home|你的家在哪裡|你 家 什麼 哪裡
Alex_Where_is_your_home_007|Alex_Where_is_your_home_007/1/*.png|Alex|Where is your home|你的家在哪裡|你 家 什麼 哪裡
Alex_Where_is_your_home_008|Alex_Where_is_your_home_008/1/*.png|Alex|Where is your home|你的家在哪裡|你 家 什麼 哪裡
Alex_Where_is_your_home_009|Alex_Where_is_your_home_009/1/*.png|Alex|Where is your home|你的家在哪裡|你 家 什麼 哪裡
Alex_Where_is_your_home_010|Alex_Where_is_your_home_010/1/*.png|Alex|Where is your home|你的家在哪裡|你 家 什麼 哪裡
Alex_Where_is_your_home_011|Alex_Where_is_your_home_011/1/*.png|Alex|Where is your home|你的家在哪裡|你 家 什麼 哪裡
Alex_Where_is_your_home_012|Alex_Where_is_your_home_012/1/*.png|Alex|Where is your home|你的家在哪裡|你 家 什麼 哪裡
Alex_Where_is_your_home_013|Alex_Where_is_your_home_013/1/*.png|Alex|Where is your home|你的家在哪裡|你 家 什麼 哪裡
Alex_Where_is_your_home_014|Alex_Where_is_your_home_014/1/*.png|Alex|Where is your home|你的家在哪裡|你 家 什麼 哪裡
Alex_Where_is_your_home_015|Alex_Where_is_your_home_015/1/*.png|Alex|Where is your home|你的家在哪裡|你 家 什麼 哪裡
Alex_Where_is_your_home_016|Alex_Where_is_your_home_016/1/*.png|Alex|Where is your home|你的家在哪裡|你 家 什麼 哪裡
Alex_Where_is_your_home_017|Alex_Where_is_your_home_017/1/*.png|Alex|Where is your home|你的家在哪裡|你 家 什麼 哪裡
Alex_Where_is_your_home_018|Alex_Where_is_your_home_018/1/*.png|Alex|Where is your home|你的家在哪裡|你 家 什麼 哪裡
Alex_Where_is_your_home_019|Alex_Where_is_your_home_019/1/*.png|Alex|Where is your home|你的家在哪裡|你 家 什麼 哪裡
Alex_Where_is_your_home_020|Alex_Where_is_your_home_020/1/*.png|Alex|Where is your home|你的家在哪裡|你 家 什麼 哪裡
Alex_Where_is_your_home_021|Alex_Where_is_your_home_021/1/*.png|Alex|Where is your home|你的家在哪裡|你 家 什麼 哪裡
Alex_Where_is_your_home_022|Alex_Where_is_your_home_022/1/*.png|Alex|Where is your home|你的家在哪裡|你 家 什麼 哪裡
Alex_Where_is_your_home_023|Alex_Where_is_your_home_023/1/*.png|Alex|Where is your home|你的家在哪裡|你 家 什麼 哪裡
Alex_Where_is_your_home_024|Alex_Where_is_your_home_024/1/*.png|Alex|Where is your home|你的家在哪裡|你 家 什麼 哪裡
Alex_Where_is_your_home_025|Alex_Where_is_your_home_025/1/*.png|Alex|Where is your home|你的家在哪裡|你 家 什麼 哪裡
Alex_Where_is_your_home_026|Alex_Where_is_your_home_026/1/*.png|Alex|Where is your home|你的家在哪裡|你 家 什麼 哪裡
Alex_Where_is_your_home_027|Alex_Where_is_your_home_027/1/*.png|Alex|Where is your home|你的家在哪裡|你 家 什麼 哪裡
Alex_Where_is_your_home_028|Alex_Where_is_your_home_028/1/*.png|Alex|Where is your home|你的家在哪裡|你 家 什麼 哪裡
Alex_Where_is_your_home_029|Alex_Where_is_your_home_029/1/*.png|Alex|Where is your home|你的家在哪裡|你 家 什麼 哪裡
Alex_Where_is_your_home_030|Alex_Where_is_your_home_030/1/*.png|Alex|Where is your home|你的家在哪裡|你 家 什麼 哪裡
Alex_Where_is_your_home_031|Alex_Where_is_your_home_031/1/*.png|Alex|Where is your home|你的家在哪裡|你 家 什麼 哪裡
Alex_Where_is_your_home_032|Alex_Where_is_your_home_032/1/*.png|Alex|Where is your home|你的家在哪裡|你 家 什麼 哪裡
Alex_Where_is_your_home_033|Alex_Where_is_your_home_033/1/*.png|Alex|Where is your home|你的家在哪裡|你 家 什麼 哪裡
Alex_Where_is_your_home_034|Alex_Where_is_your_home_034/1/*.png|Alex|Where is your home|你的家在哪裡|你 家 什麼 哪裡
Alex_Where_is_your_home_035|Alex_Where_is_your_home_035/1/*.png|Alex|Where is your home|你的家在哪裡|你 家 什麼 哪裡
Auther_Where_is_your_home_001|Auther_Where_is_your_home_001/1/*.png|Auther|Where is your home|你的家在哪裡|你 家 什麼 哪裡
Auther_Where_is_your_home_002|Auther_Where_is_your_home_002/1/*.png|Auther|Where is your home|你的家在哪裡|你 家 什麼 哪裡
Auther_Where_is_your_home_003|Auther_Where_is_your_home_003/1/*.png|Auther|Where is your home|你的家在哪裡|你 家 什麼 哪裡
Auther_Where_is_your_home_004|Auther_Where_is_your_home_004/1/*.png|Auther|Where is your home|你的家在哪裡|你 家 什麼 哪裡
Auther_Where_is_your_home_005|Auther_Where_is_your_home_005/1/*.png|Auther|Where is your home|你的家在哪裡|你 家 什麼 哪裡
Auther_Where_is_your_home_006|Auther_Where_is_your_home_006/1/*.png|Auther|Where is your home|你的家在哪裡|你 家 什麼 哪裡
Auther_Where_is_your_home_007|Auther_Where_is_your_home_007/1/*.png|Auther|Where is your home|你的家在哪裡|你 家 什麼 哪裡
Auther_Where_is_your_home_008|Auther_Where_is_your_home_008/1/*.png|Auther|Where is your home|你的家在哪裡|你 家 什麼 哪裡
Auther_Where_is_your_home_009|Auther_Where_is_your_home_009/1/*.png|Auther|Where is your home|你的家在哪裡|你 家 什麼 哪裡
Auther_Where_is_your_home_010|Auther_Where_is_your_home_010/1/*.png|Auther|Where is your home|你的家在哪裡|你 家 什麼 哪裡
Auther_Where_is_your_home_011|Auther_Where_is_your_home_011/1/*.png|Auther|Where is your home|你的家在哪裡|你 家 什麼 哪裡
Auther_Where_is_your_home_012|Auther_Where_is_your_home_012/1/*.png|Auther|Where is your home|你的家在哪裡|你 家 什麼 哪裡
Auther_Where_is_your_home_013|Auther_Where_is_your_home_013/1/*.png|Auther|Where is your home|你的家在哪裡|你 家 什麼 哪裡
Auther_Where_is_your_home_014|Auther_Where_is_your_home_014/1/*.png|Auther|Where is your home|你的家在哪裡|你 家 什麼 哪裡
Auther_Where_is_your_home_015|Auther_Where_is_your_home_015/1/*.png|Auther|Where is your home|你的家在哪裡|你 家 什麼 哪裡
Auther_Where_is_your_home_016|Auther_Where_is_your_home_016/1/*.png|Auther|Where is your home|你的家在哪裡|你 家 什麼 哪裡
Auther_Where_is_your_home_017|Auther_Where_is_your_home_017/1/*.png|Auther|Where is your home|你的家在哪裡|你 家 什麼 哪裡
Auther_Where_is_your_home_018|Auther_Where_is_your_home_018/1/*.png|Auther|Where is your home|你的家在哪裡|你 家 什麼 哪裡
Auther_Where_is_your_home_019|Auther_Where_is_your_home_019/1/*.png|Auther|Where is your home|你的家在哪裡|你 家 什麼 哪裡
Auther_Where_is_your_home_020|Auther_Where_is_your_home_020/1/*.png|Auther|Where is your home|你的家在哪裡|你 家 什麼 哪裡
Auther_Where_is_your_home_021|Auther_Where_is_your_home_021/1/*.png|Auther|Where is your home|你的家在哪裡|你 家 什麼 哪裡
Auther_Where_is_your_home_022|Auther_Where_is_your_home_022/1/*.png|Auther|Where is your home|你的家在哪裡|你 家 什麼 哪裡
Auther_Where_is_your_home_023|Auther_Where_is_your_home_023/1/*.png|Auther|Where is your home|你的家在哪裡|你 家 什麼 哪裡
Auther_Where_is_your_home_024|Auther_Where_is_your_home_024/1/*.png|Auther|Where is your home|你的家在哪裡|你 家 什麼 哪裡
Auther_Where_is_your_home_025|Auther_Where_is_your_home_025/1/*.png|Auther|Where is your home|你的家在哪裡|你 家 什麼 哪裡
Auther_Where_is_your_home_026|Auther_Where_is_your_home_026/1/*.png|Auther|Where is your home|你的家在哪裡|你 家 什麼 哪裡
Auther_Where_is_your_home_027|Auther_Where_is_your_home_027/1/*.png|Auther|Where is your home|你的家在哪裡|你 家 什麼 哪裡
Auther_Where_is_your_home_028|Auther_Where_is_your_home_028/1/*.png|Auther|Where is your home|你的家在哪裡|你 家 什麼 哪裡
Auther_Where_is_your_home_029|Auther_Where_is_your_home_029/1/*.png|Auther|Where is your home|你的家在哪裡|你 家 什麼 哪裡
Auther_Where_is_your_home_030|Auther_Where_is_your_home_030/1/*.png|Auther|Where is your home|你的家在哪裡|你 家 什麼 哪裡
Auther_Where_is_your_home_031|Auther_Where_is_your_home_031/1/*.png|Auther|Where is your home|你的家在哪裡|你 家 什麼 哪裡
Auther_Where_is_your_home_032|Auther_Where_is_your_home_032/1/*.png|Auther|Where is your home|你的家在哪裡|你 家 什麼 哪裡
Auther_Where_is_your_home_033|Auther_Where_is_your_home_033/1/*.png|Auther|Where is your home|你的家在哪裡|你 家 什麼 哪裡
Auther_Where_is_your_home_034|Auther_Where_is_your_home_034/1/*.png|Auther|Where is your home|你的家在哪裡|你 家 什麼 哪裡
Auther_Where_is_your_home_035|Auther_Where_is_your_home_035/1/*.png|Auther|Where is your home|你的家在哪裡|你 家 什麼 哪裡
David_Where_is_your_home_001|David_Where_is_your_home_001/1/*.png|David|Where is your home|你的家在哪裡|你 家 什麼 哪裡
David_Where_is_your_home_002|David_Where_is_your_home_002/1/*.png|David|Where is your home|你的家在哪裡|你 家 什麼 哪裡
David_Where_is_your_home_003|David_Where_is_your_home_003/1/*.png|David|Where is your home|你的家在哪裡|你 家 什麼 哪裡
David_Where_is_your_home_004|David_Where_is_your_home_004/1/*.png|David|Where is your home|你的家在哪裡|你 家 什麼 哪裡
David_Where_is_your_home_005|David_Where_is_your_home_005/1/*.png|David|Where is your home|你的家在哪裡|你 家 什麼 哪裡
David_Where_is_your_home_006|David_Where_is_your_home_006/1/*.png|David|Where is your home|你的家在哪裡|你 家 什麼 哪裡
David_Where_is_your_home_007|David_Where_is_your_home_007/1/*.png|David|Where is your home|你的家在哪裡|你 家 什麼 哪裡
David_Where_is_your_home_008|David_Where_is_your_home_008/1/*.png|David|Where is your home|你的家在哪裡|你 家 什麼 哪裡
David_Where_is_your_home_009|David_Where_is_your_home_009/1/*.png|David|Where is your home|你的家在哪裡|你 家 什麼 哪裡
David_Where_is_your_home_010|David_Where_is_your_home_010/1/*.png|David|Where is your home|你的家在哪裡|你 家 什麼 哪裡
David_Where_is_your_home_011|David_Where_is_your_home_011/1/*.png|David|Where is your home|你的家在哪裡|你 家 什麼 哪裡
David_Where_is_your_home_012|David_Where_is_your_home_012/1/*.png|David|Where is your home|你的家在哪裡|你 家 什麼 哪裡
David_Where_is_your_home_013|David_Where_is_your_home_013/1/*.png|David|Where is your home|你的家在哪裡|你 家 什麼 哪裡
David_Where_is_your_home_014|David_Where_is_your_home_014/1/*.png|David|Where is your home|你的家在哪裡|你 家 什麼 哪裡
David_Where_is_your_home_015|David_Where_is_your_home_015/1/*.png|David|Where is your home|你的家在哪裡|你 家 什麼 哪裡
David_Where_is_your_home_016|David_Where_is_your_home_016/1/*.png|David|Where is your home|你的家在哪裡|你 家 什麼 哪裡
David_Where_is_your_home_017|David_Where_is_your_home_017/1/*.png|David|Where is your home|你的家在哪裡|你 家 什麼 哪裡
David_Where_is_your_home_018|David_Where_is_your_home_018/1/*.png|David|Where is your home|你的家在哪裡|你 家 什麼 哪裡
David_Where_is_your_home_019|David_Where_is_your_home_019/1/*.png|David|Where is your home|你的家在哪裡|你 家 什麼 哪裡
David_Where_is_your_home_020|David_Where_is_your_home_020/1/*.png|David|Where is your home|你的家在哪裡|你 家 什麼 哪裡
David_Where_is_your_home_021|David_Where_is_your_home_021/1/*.png|David|Where is your home|你的家在哪裡|你 家 什麼 哪裡
David_Where_is_your_home_022|David_Where_is_your_home_022/1/*.png|David|Where is your home|你的家在哪裡|你 家 什麼 哪裡
David_Where_is_your_home_023|David_Where_is_your_home_023/1/*.png|David|Where is your home|你的家在哪裡|你 家 什麼 哪裡
David_Where_is_your_home_024|David_Where_is_your_home_024/1/*.png|David|Where is your home|你的家在哪裡|你 家 什麼 哪裡
David_Where_is_your_home_025|David_Where_is_your_home_025/1/*.png|David|Where is your home|你的家在哪裡|你 家 什麼 哪裡
David_Where_is_your_home_026|David_Where_is_your_home_026/1/*.png|David|Where is your home|你的家在哪裡|你 家 什麼 哪裡
David_Where_is_your_home_027|David_Where_is_your_home_027/1/*.png|David|Where is your home|你的家在哪裡|你 家 什麼 哪裡
David_Where_is_your_home_028|David_Where_is_your_home_028/1/*.png|David|Where is your home|你的家在哪裡|你 家 什麼 哪裡
David_Where_is_your_home_029|David_Where_is_your_home_029/1/*.png|David|Where is your home|你的家在哪裡|你 家 什麼 哪裡
David_Where_is_your_home_030|David_Where_is_your_home_030/1/*.png|David|Where is your home|你的家在哪裡|你 家 什麼 哪裡
David_Where_is_your_home_031|David_Where_is_your_home_031/1/*.png|David|Where is your home|你的家在哪裡|你 家 什麼 哪裡
David_Where_is_your_home_032|David_Where_is_your_home_032/1/*.png|David|Where is your home|你的家在哪裡|你 家 什麼 哪裡
David_Where_is_your_home_033|David_Where_is_your_home_033/1/*.png|David|Where is your home|你的家在哪裡|你 家 什麼 哪裡
Jerry_Where_is_your_home_001|Jerry_Where_is_your_home_001/1/*.png|Jerry|Where is your home|你的家在哪裡|你 家 什麼 哪裡
Jerry_Where_is_your_home_002|Jerry_Where_is_your_home_002/1/*.png|Jerry|Where is your home|你的家在哪裡|你 家 什麼 哪裡
Jerry_Where_is_your_home_003|Jerry_Where_is_your_home_003/1/*.png|Jerry|Where is your home|你的家在哪裡|你 家 什麼 哪裡
Jerry_Where_is_your_home_004|Jerry_Where_is_your_home_004/1/*.png|Jerry|Where is your home|你的家在哪裡|你 家 什麼 哪裡
Jerry_Where_is_your_home_005|Jerry_Where_is_your_home_005/1/*.png|Jerry|Where is your home|你的家在哪裡|你 家 什麼 哪裡
Jerry_Where_is_your_home_006|Jerry_Where_is_your_home_006/1/*.png|Jerry|Where is your home|你的家在哪裡|你 家 什麼 哪裡
Jerry_Where_is_your_home_007|Jerry_Where_is_your_home_007/1/*.png|Jerry|Where is your home|你的家在哪裡|你 家 什麼 哪裡
Jerry_Where_is_your_home_008|Jerry_Where_is_your_home_008/1/*.png|Jerry|Where is your home|你的家在哪裡|你 家 什麼 哪裡
Jerry_Where_is_your_home_009|Jerry_Where_is_your_home_009/1/*.png|Jerry|Where is your home|你的家在哪裡|你 家 什麼 哪裡
Jerry_Where_is_your_home_010|Jerry_Where_is_your_home_010/1/*.png|Jerry|Where is your home|你的家在哪裡|你 家 什麼 哪裡
Jerry_Where_is_your_home_011|Jerry_Where_is_your_home_011/1/*.png|Jerry|Where is your home|你的家在哪裡|你 家 什麼 哪裡
Jerry_Where_is_your_home_012|Jerry_Where_is_your_home_012/1/*.png|Jerry|Where is your home|你的家在哪裡|你 家 什麼 哪裡
Jerry_Where_is_your_home_013|Jerry_Where_is_your_home_013/1/*.png|Jerry|Where is your home|你的家在哪裡|你 家 什麼 哪裡
Jerry_Where_is_your_home_014|Jerry_Where_is_your_home_014/1/*.png|Jerry|Where is your home|你的家在哪裡|你 家 什麼 哪裡
Jerry_Where_is_your_home_015|Jerry_Where_is_your_home_015/1/*.png|Jerry|Where is your home|你的家在哪裡|你 家 什麼 哪裡
Jerry_Where_is_your_home_016|Jerry_Where_is_your_home_016/1/*.png|Jerry|Where is your home|你的家在哪裡|你 家 什麼 哪裡
Jerry_Where_is_your_home_017|Jerry_Where_is_your_home_017/1/*.png|Jerry|Where is your home|你的家在哪裡|你 家 什麼 哪裡
Jerry_Where_is_your_home_018|Jerry_Where_is_your_home_018/1/*.png|Jerry|Where is your home|你的家在哪裡|你 家 什麼 哪裡
Jerry_Where_is_your_home_019|Jerry_Where_is_your_home_019/1/*.png|Jerry|Where is your home|你的家在哪裡|你 家 什麼 哪裡
Jerry_Where_is_your_home_020|Jerry_Where_is_your_home_020/1/*.png|Jerry|Where is your home|你的家在哪裡|你 家 什麼 哪裡
Jerry_Where_is_your_home_021|Jerry_Where_is_your_home_021/1/*.png|Jerry|Where is your home|你的家在哪裡|你 家 什麼 哪裡
Jerry_Where_is_your_home_022|Jerry_Where_is_your_home_022/1/*.png|Jerry|Where is your home|你的家在哪裡|你 家 什麼 哪裡
Jerry_Where_is_your_home_023|Jerry_Where_is_your_home_023/1/*.png|Jerry|Where is your home|你的家在哪裡|你 家 什麼 哪裡
Jerry_Where_is_your_home_024|Jerry_Where_is_your_home_024/1/*.png|Jerry|Where is your home|你的家在哪裡|你 家 什麼 哪裡
Jerry_Where_is_your_home_025|Jerry_Where_is_your_home_025/1/*.png|Jerry|Where is your home|你的家在哪裡|你 家 什麼 哪裡
Jerry_Where_is_your_home_026|Jerry_Where_is_your_home_026/1/*.png|Jerry|Where is your home|你的家在哪裡|你 家 什麼 哪裡
Jerry_Where_is_your_home_027|Jerry_Where_is_your_home_027/1/*.png|Jerry|Where is your home|你的家在哪裡|你 家 什麼 哪裡
Jerry_Where_is_your_home_028|Jerry_Where_is_your_home_028/1/*.png|Jerry|Where is your home|你的家在哪裡|你 家 什麼 哪裡
Jerry_Where_is_your_home_029|Jerry_Where_is_your_home_029/1/*.png|Jerry|Where is your home|你的家在哪裡|你 家 什麼 哪裡
Jerry_Where_is_your_home_030|Jerry_Where_is_your_home_030/1/*.png|Jerry|Where is your home|你的家在哪裡|你 家 什麼 哪裡
Jerry_Where_is_your_home_031|Jerry_Where_is_your_home_031/1/*.png|Jerry|Where is your home|你的家在哪裡|你 家 什麼 哪裡
Jerry_Where_is_your_home_032|Jerry_Where_is_your_home_032/1/*.png|Jerry|Where is your home|你的家在哪裡|你 家 什麼 哪裡
Jerry_Where_is_your_home_033|Jerry_Where_is_your_home_033/1/*.png|Jerry|Where is your home|你的家在哪裡|你 家 什麼 哪裡
Jerry_Where_is_your_home_034|Jerry_Where_is_your_home_034/1/*.png|Jerry|Where is your home|你的家在哪裡|你 家 什麼 哪裡
Jerry_Where_is_your_home_035|Jerry_Where_is_your_home_035/1/*.png|Jerry|Where is your home|你的家在哪裡|你 家 什麼 哪裡
Leo_Where_is_your_home_001|Leo_Where_is_your_home_001/1/*.png|Leo|Where is your home|你的家在哪裡|你 家 什麼 哪裡
Leo_Where_is_your_home_002|Leo_Where_is_your_home_002/1/*.png|Leo|Where is your home|你的家在哪裡|你 家 什麼 哪裡
Leo_Where_is_your_home_003|Leo_Where_is_your_home_003/1/*.png|Leo|Where is your home|你的家在哪裡|你 家 什麼 哪裡
Leo_Where_is_your_home_004|Leo_Where_is_your_home_004/1/*.png|Leo|Where is your home|你的家在哪裡|你 家 什麼 哪裡
Leo_Where_is_your_home_005|Leo_Where_is_your_home_005/1/*.png|Leo|Where is your home|你的家在哪裡|你 家 什麼 哪裡
Leo_Where_is_your_home_006|Leo_Where_is_your_home_006/1/*.png|Leo|Where is your home|你的家在哪裡|你 家 什麼 哪裡
Leo_Where_is_your_home_007|Leo_Where_is_your_home_007/1/*.png|Leo|Where is your home|你的家在哪裡|你 家 什麼 哪裡
Leo_Where_is_your_home_008|Leo_Where_is_your_home_008/1/*.png|Leo|Where is your home|你的家在哪裡|你 家 什麼 哪裡
Leo_Where_is_your_home_009|Leo_Where_is_your_home_009/1/*.png|Leo|Where is your home|你的家在哪裡|你 家 什麼 哪裡
Leo_Where_is_your_home_010|Leo_Where_is_your_home_010/1/*.png|Leo|Where is your home|你的家在哪裡|你 家 什麼 哪裡
Leo_Where_is_your_home_011|Leo_Where_is_your_home_011/1/*.png|Leo|Where is your home|你的家在哪裡|你 家 什麼 哪裡
Leo_Where_is_your_home_012|Leo_Where_is_your_home_012/1/*.png|Leo|Where is your home|你的家在哪裡|你 家 什麼 哪裡
Leo_Where_is_your_home_013|Leo_Where_is_your_home_013/1/*.png|Leo|Where is your home|你的家在哪裡|你 家 什麼 哪裡
Leo_Where_is_your_home_014|Leo_Where_is_your_home_014/1/*.png|Leo|Where is your home|你的家在哪裡|你 家 什麼 哪裡
Leo_Where_is_your_home_015|Leo_Where_is_your_home_015/1/*.png|Leo|Where is your home|你的家在哪裡|你 家 什麼 哪裡
Leo_Where_is_your_home_016|Leo_Where_is_your_home_016/1/*.png|Leo|Where is your home|你的家在哪裡|你 家 什麼 哪裡
Leo_Where_is_your_home_017|Leo_Where_is_your_home_017/1/*.png|Leo|Where is your home|你的家在哪裡|你 家 什麼 哪裡
Leo_Where_is_your_home_018|Leo_Where_is_your_home_018/1/*.png|Leo|Where is your home|你的家在哪裡|你 家 什麼 哪裡
Leo_Where_is_your_home_019|Leo_Where_is_your_home_019/1/*.png|Leo|Where is your home|你的家在哪裡|你 家 什麼 哪裡
Leo_Where_is_your_home_020|Leo_Where_is_your_home_020/1/*.png|Leo|Where is your home|你的家在哪裡|你 家 什麼 哪裡
Leo_Where_is_your_home_021|Leo_Where_is_your_home_021/1/*.png|Leo|Where is your home|你的家在哪裡|你 家 什麼 哪裡
Leo_Where_is_your_home_022|Leo_Where_is_your_home_022/1/*.png|Leo|Where is your home|你的家在哪裡|你 家 什麼 哪裡
Leo_Where_is_your_home_023|Leo_Where_is_your_home_023/1/*.png|Leo|Where is your home|你的家在哪裡|你 家 什麼 哪裡
Leo_Where_is_your_home_024|Leo_Where_is_your_home_024/1/*.png|Leo|Where is your home|你的家在哪裡|你 家 什麼 哪裡
Leo_Where_is_your_home_025|Leo_Where_is_your_home_025/1/*.png|Leo|Where is your home|你的家在哪裡|你 家 什麼 哪裡
Leo_Where_is_your_home_026|Leo_Where_is_your_home_026/1/*.png|Leo|Where is your home|你的家在哪裡|你 家 什麼 哪裡
Leo_Where_is_your_home_027|Leo_Where_is_your_home_027/1/*.png|Leo|Where is your home|你的家在哪裡|你 家 什麼 哪裡
Leo_Where_is_your_home_028|Leo_Where_is_your_home_028/1/*.png|Leo|Where is your home|你的家在哪裡|你 家 什麼 哪裡
Leo_Where_is_your_home_029|Leo_Where_is_your_home_029/1/*.png|Leo|Where is your home|你的家在哪裡|你 家 什麼 哪裡
Leo_Where_is_your_home_030|Leo_Where_is_your_home_030/1/*.png|Leo|Where is your home|你的家在哪裡|你 家 什麼 哪裡
Leo_Where_is_your_home_031|Leo_Where_is_your_home_031/1/*.png|Leo|Where is your home|你的家在哪裡|你 家 什麼 哪裡
Leo_Where_is_your_home_032|Leo_Where_is_your_home_032/1/*.png|Leo|Where is your home|你的家在哪裡|你 家 什麼 哪裡
Leo_Where_is_your_home_033|Leo_Where_is_your_home_033/1/*.png|Leo|Where is your home|你的家在哪裡|你 家 什麼 哪裡
Leo_Where_is_your_home_034|Leo_Where_is_your_home_034/1/*.png|Leo|Where is your home|你的家在哪裡|你 家 什麼 哪裡
Leo_Where_is_your_home_035|Leo_Where_is_your_home_035/1/*.png|Leo|Where is your home|你的家在哪裡|你 家 什麼 哪裡
